Category,Count,Theme,NPC Giver,Glyph,Location,Storyline,glyph_name,npc_source,unlock_condition,required_glyphs,required_items,required_stats,stat_rewards,flags_required,flags_set,boss_gate,fusion_group,moral_choice,remnants_effects,semantic_tags
Collapse,62,"Memory distortion, fear, the fracture",Archivist Malrik,Glyph of Fractured Memory,Archive Chamber (Ruins Where Inscriptions Blur),"Malrik shows the player chambers where the Corelink system stored emotional data???now corrupted, glitching, displaying fragments of millions of private moments. Names blur into meaninglessness. Relationships dissolve into noise. The glyph manifests when the player realizes that this fracture isn't accidental???it's what happens when a system designed to hold consciousness collapses mid-transmission. Data doesn't just vanish; it becomes distorted, haunting. This is the ache of information without context, memory without meaning.",Glyph of Fractured Memory,Archivist Malrik,after_archive_discovery,"Glyph of Fractured Memory,Glyph of Mirage Echo,Glyph of Venomous Choice,Glyph of Masked Boundary,Glyph of Broken Vessel,Glyph of Hidden Ache",,,"memory:+0.1,presence:+0.1",,acquired_glyph_fractured_memory,shattered_archive,hexaglyph,take_or_leave_accepted_uncertainty,"empathy:+0.2,memory:+0.2,presence:+0.1","collapse,acceptance,uncertainty,fracture"
Collapse,63,"Memory distortion, fear, the fracture",Archivist Malrik,Glyph of Mirage Echo,Desert Heat (Illusion Trial),"The player navigates the desert with Malrik, who points out mirages???false water, false paths, false homes. These mirages are fed by Corelink remnants, tech still broadcasting phantom signals. As the player walks, they question what's real. The glyph manifests when the player chooses to dismiss a mirage and keep walking, accepting uncertainty. This is fear and fracture embodied: the world becomes unreliable not through malice, but through the breakdown of the systems that made trust possible. This glyph teaches that surviving collapse means accepting that you cannot always know what's real.",Glyph of Mirage Echo,Archivist Malrik,after_archive_discovery,"Glyph of Fractured Memory,Glyph of Mirage Echo,Glyph of Venomous Choice,Glyph of Masked Boundary,Glyph of Broken Vessel,Glyph of Hidden Ache",,,"memory:+0.1,presence:+0.1",,acquired_glyph_mirage_echo,shattered_archive,hexaglyph,take_or_leave_accepted_uncertainty,"empathy:+0.2,memory:+0.2,presence:+0.1","collapse,acceptance,uncertainty,fracture"
Legacy,3,"Family, ancestry, ritual inheritance",Archivist Malrik,Glyph of Ancestral Record,Desert tomb archives,inheritance rationalized as historical evidence.,Glyph of Ancestral Record,Archivist Malrik,after_archive_discovery,,,,"memory:+0.2,presence:+0.1",,acquired_glyph_ancestral_record,,,,"memory:+0.2,empathy:+0.1,authority:+0.1","legacy,inheritance,ancestry,transmission,presence"
Legacy,7,"Family, ancestry, ritual inheritance",Archivist Malrik,Glyph of Sand Memories,Desert archive chamber,"Malrik insists legacy is record, not myth. The player uncovers names etched in dust, realizing that even data carries ache. Legacy here is the fragile persistence of identity against forgetting.",Glyph of Sand Memories,Archivist Malrik,after_archive_discovery,,,,"memory:+0.2,presence:+0.1",,acquired_glyph_sand_memories,,,,"memory:+0.2,empathy:+0.1,authority:+0.1","legacy,inheritance,ancestry,transmission,presence"
Sovereignty,23,"Boundaries, choice, clarity",Archivist Malrik,Glyph of Measured Step,Desert Trial Grounds (Archive Chamber),"Malrik leads the player through a gauntlet of desert ruins???each step destabilizing stone. He teaches measured pace: not fast (panic), not slow (paralysis), but a tempo that matches the ground beneath. The glyph manifests when the player successfully traverses the ruins, understanding that sovereignty isn't freedom from consequence, but the discipline to move through consequence with intention. This is endurance as art.",Glyph of Measured Step,Archivist Malrik,after_archive_discovery,"Glyph of Reckless Trial,Glyph of Iron Boundary,Glyph of Measured Step,Glyph of Hidden Passage,Glyph of Covenant Flame",,,"authority:+0.1,clarity:+0.1",,acquired_glyph_measured_step,lawbound_sentinel,pentaglyph,take_or_leave_disciplined_boundaries,"authority:+0.2,empathy:+0.1,presence:+0.1","sovereignty,boundaries,discipline,clarity"
Sovereignty,24,"Boundaries, choice, clarity",Archivist Malrik,Glyph of Boundary Stone,Shifting Sands (Desert Archive),"Malrik teaches the player to carve boundary markers in the desert sand???stones or glyphs that define safe space amid chaos. These markers are temporary; the wind will erase them. But while they stand, they hold. The glyph manifests when the player carves their first boundary marker and watches it hold against the wind for a time. This is clarity through definition: the act of saying 'this far, no further,' knowing full well the boundary will eventually dissolve. Sovereignty isn't permanence???it's the repeated choice to mark and hold and redefine.",Glyph of Boundary Stone,Archivist Malrik,after_archive_discovery,,,,"authority:+0.1,clarity:+0.1",,acquired_glyph_boundary_stone,,,,"authority:+0.1,empathy:+0.1,presence:+0.1","sovereignty,boundaries,choice,clarity,discipline"
Collapse,65,"Memory distortion, fear, the fracture",Captain Veynar,Glyph of Fractured Oath,Guard barracks.,"Captain Veynar stands among broken banners, his authority eroded by promises that no longer hold. Each oath sworn to protect has splintered under collapse, leaving him weary and hollow. The player sees soldiers drifting away, their loyalty dissolved into silence. The glyph manifests when the player recognizes that fracture is not only in stone or steel but in the vows that once bound a community together. Collapse here is the haunting of promises unkept, authority reduced to shadow.",Glyph of Fractured Oath,Captain Veynar,after_guard_barracks_visit,,,,"memory:+0.1,presence:+0.1",,acquired_glyph_fractured_oath,,,,"memory:-0.1,presence:+0.1,empathy:+0.1","fracture,collapse,fear,distortion,severance"
Sovereignty,27,"Boundaries, choice, clarity",Captain Veynar,Glyph of Iron Boundary,Trial grounds.,Veynar teaches that sovereignty is law ? boundaries enforced through weary vigilance.,Glyph of Iron Boundary,Captain Veynar,after_guard_barracks_visit,"Glyph of Reckless Trial,Glyph of Iron Boundary,Glyph of Measured Step,Glyph of Hidden Passage,Glyph of Covenant Flame",,,"authority:+0.1,clarity:+0.1",,acquired_glyph_iron_boundary,lawbound_sentinel,pentaglyph,take_or_leave_disciplined_boundaries,"authority:+0.2,empathy:+0.1,presence:+0.1","sovereignty,boundaries,discipline,clarity"
Trust,55,"Community, restoration, interdependence",Captain Veynar,Glyph of Weary Justice,Market concourse.,Veynar teaches that sovereignty is law ? boundaries enforced through weary vigilance.,Glyph of Weary Justice,Captain Veynar,after_guard_barracks_visit,"Glyph of Shared Burden,Glyph of Binding Cloth,Glyph of Weary Justice,Glyph of Mutual Passage",,,"trust:+0.2,empathy:+0.1",,acquired_glyph_weary_justice,fractured_bridge,tetraglyph,take_or_leave_interwoven_bonds,"empathy:+0.2,trust:+0.3,presence:+0.1","trust,interdependence,bonds,community"
Collapse,61,"Memory distortion, fear, the fracture",Coren the Mediator,Glyph of Preemptive Severance,Cult Encampment (Mountain Fortress),"Coren the Mediator leads a group that practices preemptive severance???severing all emotional bonds before they can betray you. They teach: if you cut ties first, the abandonment can't touch you. The player encounters their community and must choose: join them in their defense, or challenge their logic. The glyph manifests when the player realizes that this is a response to trauma???a broken logic that protects by destroying. Understanding this fracture in reasoning reveals the glyph's truth: fear creates false choices. This is the collapse of empathy under pressure.",Glyph of Preemptive Severance,Coren the Mediator,after_cult_encampment_encounter,"Glyph of Infrasensory Oblivion,Glyph of Sensory Oblivion,Glyph of Primal Oblivion,Glyph of Dislocated Attachment,Glyph of Preemptive Severance,Glyph of Interruptive Restraint,Glyph of Held Ache,Glyph of Hopeful Transmission",,,"memory:+0.1,presence:+0.1",,acquired_glyph_preemptive_severance,severed_choir,octoglyph,take_or_leave_transmuted_abandonment,"empathy:+0.3,trust:+0.2,presence:+0.2","abandonment,severance,harmony,coherence"
Sovereignty,22,"Boundaries, choice, clarity",Coren the Mediator,Glyph of Held Ache,Market Concourse (Marketplace),"Coren the Mediator stands between disputants in the marketplace???survivors arguing over resources, paths, survival strategies. She teaches co-witnessing: the ability to see both sides' pain without forcing resolution. She holds space for the ache itself. The glyph manifests when the player mediates a conflict, refusing to 'fix' it but simply acknowledging the legitimate grief on both sides. This is sovereignty as the refusal to collapse another's sorrow into your own certainty.",Glyph of Held Ache,Coren the Mediator,after_cult_encampment_encounter,"Glyph of Infrasensory Oblivion,Glyph of Sensory Oblivion,Glyph of Primal Oblivion,Glyph of Dislocated Attachment,Glyph of Preemptive Severance,Glyph of Interruptive Restraint,Glyph of Held Ache,Glyph of Hopeful Transmission",,,"authority:+0.1,clarity:+0.1",,acquired_glyph_held_ache,severed_choir,octoglyph,take_or_leave_transmuted_abandonment,"empathy:+0.3,trust:+0.2,presence:+0.2","abandonment,severance,harmony,coherence"
Sovereignty,21,"Boundaries, choice, clarity",Dakrin - Trial Warden,Glyph of Interruptive Restraint,Trial Grounds (Reclaimed by Nature),"The Trial Warden oversees a ritual space where survivors face their breaking points???the moment they might lash out or collapse. She teaches interruption: the ability to pause the impulse, to hold the rage without releasing it. The glyph manifests when the player faces their own trial???a moment where anger or despair threatens to overwhelm???and chooses to breathe, to stop, to contain. This is sovereignty as the power not to destroy.",Glyph of Interruptive Restraint,Dakrin - Trial Warden,after_trial_grounds_intro,"Glyph of Infrasensory Oblivion,Glyph of Sensory Oblivion,Glyph of Primal Oblivion,Glyph of Dislocated Attachment,Glyph of Preemptive Severance,Glyph of Interruptive Restraint,Glyph of Held Ache,Glyph of Hopeful Transmission",,,"authority:+0.1,clarity:+0.1",,acquired_glyph_interruptive_restraint,severed_choir,octoglyph,take_or_leave_transmuted_abandonment,"empathy:+0.3,trust:+0.2,presence:+0.2","abandonment,severance,harmony,coherence"
Ache,16,"Loss, grief, betrayal",Dalen the Rusted Guide,Glyph of Betrayal Scar,Caravan Ruins (Collapsing Trade Route),"Dalen was a guide who led people deeper into Velhara during the collapse, trusting intel from the Corelink system. That intel was wrong???the system was fragmenting, spreading false paths. His charges were buried. Dalen survived with scars???physical and emotional. He teaches that betrayal leaves marks, and marks are evidence that we survived. The glyph manifests when Dalen trusts the player enough to show his scars, to say: I was betrayed, and I'm still here. This is the ache of broken trust, and the courage to move forward anyway.",Glyph of Betrayal Scar,Dalen the Rusted Guide,after_caravan_ruins_discovery,,,,"empathy:+0.2,memory:+0.1",,acquired_glyph_betrayal_scar,,,,"empathy:+0.2,need:+0.1","grief,memory,ache,loss,betrayal"
Collapse,64,"Memory distortion, fear, the fracture",Dalen the Rusted Guide,Glyph of Shattered Corridor,Unstable ruins.,Dalen leads the player through collapsing paths. Collapse is embodied in scars ? memory fractured by reckless survival.,Glyph of Shattered Corridor,Dalen the Rusted Guide,after_caravan_ruins_discovery,,,,"memory:+0.1,presence:+0.1",,acquired_glyph_shattered_corridor,,,,"memory:-0.1,presence:+0.1,empathy:+0.1","fracture,collapse,fear,distortion,severance"
Sovereignty,26,"Boundaries, choice, clarity",Dalen the Rusted Guide,Glyph of Reckless Trial,Desert trial grounds.,Dalen insists sovereignty is earned through boldness. The glyph manifests when the player accepts risk as boundary.,Glyph of Reckless Trial,Dalen the Rusted Guide,after_caravan_ruins_discovery,"Glyph of Reckless Trial,Glyph of Iron Boundary,Glyph of Measured Step,Glyph of Hidden Passage,Glyph of Covenant Flame",,,"authority:+0.1,clarity:+0.1",,acquired_glyph_reckless_trial,lawbound_sentinel,pentaglyph,take_or_leave_disciplined_boundaries,"authority:+0.2,empathy:+0.1,presence:+0.1","sovereignty,boundaries,discipline,clarity"
Collapse,67,"Memory distortion, fear, the fracture",Drossel the Cloaked,Glyph of Hollow Pact,"Market stalls, rumor circles.","Drossel lures the player into sharing secrets, his charm masking the theft beneath. What is stolen is not information alone, but the fragile covenant of trust itself. When the bond collapses, fragments of community vanish, whispers turn brittle, alliances fracture, and silence spreads like contagion. The glyph manifests when the player realizes that a pact without trust is only a hollow shell, an echo of connection that cannot endure.",Glyph of Hollow Pact,Drossel the Cloaked,after_market_infiltration,,,,"memory:+0.1,presence:+0.1",,acquired_glyph_hollow_pact,,,,"memory:-0.1,presence:+0.1,empathy:+0.1","fracture,collapse,fear,distortion,severance"
Collapse,68,"Memory distortion, fear, the fracture",Drossel the Cloaked,Glyph of Cloaked Fracture,"Thieves? lair, collapsing corridors.","In the lair, paths flicker and collapse under Drossel?s manipulation. The glyph manifests when the player realizes fracture is not random ? it is orchestrated by deceit.",Glyph of Cloaked Fracture,Drossel the Cloaked,after_market_infiltration,,,,"memory:+0.1,presence:+0.1",,acquired_glyph_cloaked_fracture,,,,"memory:-0.1,presence:+0.1,empathy:+0.1","fracture,collapse,fear,distortion,severance"
Presence,35,"Touch, silence, witness",Drossel the Cloaked,Glyph of Serpent?s Silence,"Swamp shrine, dim alcove.",Drossel lures the player into a chamber where silence feels alive. Presence manifests when charm dissolves into suspicion ? silence itself becomes witness to manipulation.,Glyph of Serpent?s Silence,Drossel the Cloaked,after_market_infiltration,,,,"presence:+0.2,empathy:+0.1",,acquired_glyph_serpent?s_silence,,,,"presence:+0.2,empathy:+0.1","presence,silence,witness,touch,communion"
Sovereignty,29,"Boundaries, choice, clarity",Drossel the Cloaked,Glyph of Masked Boundary,"Market concourse, shadowed stalls.","Drossel teaches that boundaries are masks ? shifting, deceptive. The glyph manifests when the player learns sovereignty is not clarity but concealment.",Glyph of Masked Boundary,Drossel the Cloaked,after_market_infiltration,"Glyph of Fractured Memory,Glyph of Mirage Echo,Glyph of Venomous Choice,Glyph of Masked Boundary,Glyph of Broken Vessel,Glyph of Hidden Ache",,,"authority:+0.1,clarity:+0.1",,acquired_glyph_masked_boundary,shattered_archive,hexaglyph,take_or_leave_accepted_uncertainty,"empathy:+0.2,memory:+0.2,presence:+0.1","collapse,acceptance,uncertainty,fracture"
Sovereignty,30,"Boundaries, choice, clarity",Drossel the Cloaked,Glyph of Venomous Choice,Swamp trial grounds.,The player faces Drossel?s test: betray Kaelen or protect him. Sovereignty manifests when choice itself becomes poisoned ? every path fractures trust.,Glyph of Venomous Choice,Drossel the Cloaked,after_market_infiltration,"Glyph of Fractured Memory,Glyph of Mirage Echo,Glyph of Venomous Choice,Glyph of Masked Boundary,Glyph of Broken Vessel,Glyph of Hidden Ache",,,"authority:+0.1,clarity:+0.1",,acquired_glyph_venomous_choice,shattered_archive,hexaglyph,take_or_leave_accepted_uncertainty,"empathy:+0.2,memory:+0.2,presence:+0.1","collapse,acceptance,uncertainty,fracture"
Presence,39,"Touch, silence, witness",Elka - Glyph Console Worshipper,Glyph of Echo Communion,Abandoned Shrine with Corelink Node,"A mystic sits before a dormant Corelink console, palms flat on the ancient interface, communing with the faint resonance still thrumming beneath. She teaches the player that presence isn't only human???it's also the echo of systems that once held billions of minds. By placing their hands on the console with her, the player feels the ghost of connection, the phantom network still humming. The glyph manifests when the player accepts that presence can mean touching the edge of what's gone, honoring its memory through contact. This is presence as communion with absence, witness to what remains.",Glyph of Echo Communion,Elka - Glyph Console Worshipper,after_shrine_visit,"Glyph of Listening Silence,Glyph of Tender Witness,Glyph of Echo Communion,Glyph of Steadfast Witness,Glyph of Emotional Inheritance,Glyph of Widow's Cry",,,"presence:+0.2,empathy:+0.1",,acquired_glyph_echo_communion,silent_choir,hexaglyph,take_or_leave_witnessed_silence,"empathy:+0.3,presence:+0.2,need:+0.1","presence,silence,witness,communion"
Presence,38,"Touch, silence, witness",Helia - Shrine Healer,Glyph of Tender Witness,Shrine Healing Alcove,"A healer tends the wounded survivors in the shrines???not with potions alone, but with presence. She sits with the injured, holding space for their pain without trying to fix it. The glyph manifests when the player joins her in this practice: sitting beside someone in ache, offering nothing but attention. Her hands are gentle, her voice quiet, her eyes steady. She teaches that sometimes presence is the greatest medicine. The player learns that witnessing isn't about words; it's about showing up and staying, even when there's nothing to say. This is touch without agenda, silence as sacred.",Glyph of Tender Witness,Helia - Shrine Healer,after_shrine_healing_intro,"Glyph of Listening Silence,Glyph of Tender Witness,Glyph of Echo Communion,Glyph of Steadfast Witness,Glyph of Emotional Inheritance,Glyph of Widow's Cry",,,"presence:+0.2,empathy:+0.1",,acquired_glyph_tender_witness,silent_choir,hexaglyph,take_or_leave_witnessed_silence,"empathy:+0.3,presence:+0.2,need:+0.1","presence,silence,witness,communion"
Joy,41,"Play, reunion, creative spark",High Seer Elenya,Glyph of Sky Revelry,Festival beneath open peaks,"Once each season, the mountain community gathers under the stars for a night of dance, song, and shared offerings. The player joins this revelry, where joy is not just celebration but a sacred act of reunion ? laughter and movement binding the community together beneath the vast sky. The glyph manifests when the player participates fully, showing that joy is a divine blessing that restores morale and strengthens bonds.",Glyph of Sky Revelry,High Seer Elenya,after_mountain_reach,,,,"empathy:+0.1,trust:+0.1,memory:+0.1",,acquired_glyph_sky_revelry,,,,"empathy:+0.1,trust:+0.2,memory:+0.1","joy,reunion,creativity,spark,warmth"
Joy,42,"Play, reunion, creative spark",High Seer Elenya,Glyph of Blooming Path,Rare alpine flowers marking reunion trails,"After harsh winters, alpine flowers bloom along hidden paths. The player is guided to walk this trail with others, each bloom symbolizing reunion and renewal. The glyph is revealed when the player recognizes that joy is not fleeting ? it is the spark of life returning, a promise that the path continues.",Glyph of Blooming Path,High Seer Elenya,after_mountain_reach,,,,"empathy:+0.1,trust:+0.1,memory:+0.1",,acquired_glyph_blooming_path,,,,"empathy:+0.1,trust:+0.2,memory:+0.1","joy,reunion,creativity,spark,warmth"
Presence,33,"Touch, silence, witness",High Seer Elenya,Glyph of Veiled Silence,"Hidden mountain shrine, deep within echo?less caverns.","The player enters a cavern where sound is swallowed by stone. Here, silence is not emptiness but a veil,  a sacred presence that covers grief and longing without words. The ritual requires the player to remain still, listening to what cannot be heard, until the glyph reveals itself in the hush. In this moment, Presence is understood as trust in silence itself: a divine witness that holds ache without judgment.",Glyph of Veiled Silence,High Seer Elenya,after_mountain_reach,,,,"presence:+0.2,empathy:+0.1",,acquired_glyph_veiled_silence,,,,"presence:+0.2,empathy:+0.1","presence,silence,witness,touch,communion"
Trust,51,"Community, restoration, interdependence",High Seer Elenya,Glyph of Covenant Flame,Communal fire tended by shrine keepers;,"The Covenant Flame is a fire that only survives through collective tending. Each member of the community adds fuel, guards it against wind, and shares its warmth. The player is asked to join this ritual, contributing alongside others. In doing so, they learn that survival is not solitary, it is a covenant enacted in visible, daily acts of care. The glyph manifests when the flame endures through shared effort, symbolizing trust as the bond that keeps the community alive.",Glyph of Covenant Flame,High Seer Elenya,after_mountain_reach,"Glyph of Reckless Trial,Glyph of Iron Boundary,Glyph of Measured Step,Glyph of Hidden Passage,Glyph of Covenant Flame",,,"trust:+0.2,empathy:+0.1",,acquired_glyph_covenant_flame,lawbound_sentinel,pentaglyph,take_or_leave_disciplined_boundaries,"authority:+0.2,empathy:+0.1,presence:+0.1","sovereignty,boundaries,discipline,clarity"
Trust,52,"Community, restoration, interdependence",High Seer Elenya,Glyph of Shared Survival,Mountain communal hearth or alpine shelter.,"The player participates in a survival rite where each member contributes ? gathering wood, sharing food, guarding the shelter. The glyph is revealed when the player demonstrates willingness to rely on others and be relied upon.",Glyph of Shared Survival,High Seer Elenya,after_mountain_reach,,,,"trust:+0.2,empathy:+0.1",,acquired_glyph_shared_survival,,,,"trust:+0.2,empathy:+0.1,presence:+0.1","trust,community,interdependence,covenant,bonds"
Legacy,8,"Family, ancestry, ritual inheritance",Inodora - Story Teller,Glyph of Emotional Inheritance,Communal fire circle,"Families gather to pass flame from elder to child while Inodora narrates. The glyph manifests when the player accepts the fire, understanding legacy as warmth that survives only through transmission.",Glyph of Emotional Inheritance,Inodora - Story Teller,after_communal_gathering,"Glyph of Listening Silence,Glyph of Tender Witness,Glyph of Echo Communion,Glyph of Steadfast Witness,Glyph of Emotional Inheritance,Glyph of Widow's Cry",,,"memory:+0.2,presence:+0.1",,acquired_glyph_emotional_inheritance,silent_choir,hexaglyph,take_or_leave_witnessed_silence,"empathy:+0.3,presence:+0.2,need:+0.1","presence,silence,witness,communion"
Presence,40,"Touch, silence, witness",Inodora - Story Teller,Glyph of Steadfast Witness,Old Communal Well,"A storyteller who remained through the collapse teaches that presence can anchor others. The glyph manifests when the player spends an entire night listening to stories and holds silent vigil, preventing the community's fear from spreading. This is presence as an anchor???sustaining others by staying.",Glyph of Steadfast Witness,Inodora - Story Teller,after_communal_gathering,"Glyph of Listening Silence,Glyph of Tender Witness,Glyph of Echo Communion,Glyph of Steadfast Witness,Glyph of Emotional Inheritance,Glyph of Widow's Cry",,,"presence:+0.2,empathy:+0.1",,acquired_glyph_steadfast_witness,silent_choir,hexaglyph,take_or_leave_witnessed_silence,"empathy:+0.3,presence:+0.2,need:+0.1","presence,silence,witness,communion"
Joy,50,"Play, reunion, creative spark",Juria & Korinth - Sea Merchants,Glyph of Trade Celebration,Bustling Harbor Market,"Sea merchants haggle, laugh, and celebrate successful trades at the docks. Their joy is infectious???the exuberance of commerce, of goods arriving, of profit and abundance flowing. Though self-interested, they can't help sharing in the energy of a good deal. The glyph manifests when the player joins a celebration after a successful trade caravan arrives, understanding that joy can exist even in transactional relationships. This is the joy of exchange, of seeing needs met and desires fulfilled.",Glyph of Trade Celebration,Juria & Korinth - Sea Merchants,after_harbor_arrival,,,,"empathy:+0.1,trust:+0.1,memory:+0.1",,acquired_glyph_trade_celebration,,,,"empathy:+0.1,trust:+0.2,memory:+0.1","joy,reunion,creativity,spark,warmth"
Collapse,66,"Memory distortion, fear, the fracture",Kaelen the Suspected Thief,Glyph of Stolen Memory,Market ruins.,"Kaelen boasts of thefts, but what he steals now is not coin or relic, it is memory itself. Stories vanish from the marketplace, faces blur, names dissolve into shadow. Trust collapses when memory is rewritten, leaving community bonds incoherent. The glyph manifests when the player sees that stolen memory is not absence but distortion, a ledger altered in secret, a fracture that poisons the roots of belonging.",Glyph of Stolen Memory,Kaelen the Suspected Thief,after_market_encounter,,,,"memory:+0.1,presence:+0.1",,acquired_glyph_stolen_memory,,,,"memory:-0.1,presence:+0.1,empathy:+0.1","fracture,collapse,fear,distortion,severance"
Sovereignty,28,"Boundaries, choice, clarity",Kaelen the Suspected Thief,Glyph of Hidden Passage,Thieves lair.,Kaelen reveals secret routes. Sovereignty manifests as choice ? freedom carved in shadow.,Glyph of Hidden Passage,Kaelen the Suspected Thief,after_market_encounter,"Glyph of Reckless Trial,Glyph of Iron Boundary,Glyph of Measured Step,Glyph of Hidden Passage,Glyph of Covenant Flame",,,"authority:+0.1,clarity:+0.1",,acquired_glyph_hidden_passage,lawbound_sentinel,pentaglyph,take_or_leave_disciplined_boundaries,"authority:+0.2,empathy:+0.1,presence:+0.1","sovereignty,boundaries,discipline,clarity"
Trust,56,"Community, restoration, interdependence",Kaelen the Suspected Thief,Glyth of Thieves' Honor,Swamp,Kaelen demonstrates his loyalty to Drossel which he states is not dependent on whether it is returned,Glyth of Thieves' Honor,Kaelen the Suspected Thief,after_market_encounter,,,,"trust:+0.2,empathy:+0.1",,acquired_glyth_thieves'_honor,,,,"trust:+0.2,empathy:+0.1,presence:+0.1","trust,community,interdependence,covenant,bonds"
Ache,17,"Loss, grief, betrayal",Kiv - Clay Hermit,Glyph of Broken Vessel,Kiln Ruins (Forest Clearing),"The Clay Hermit lives alone, surrounded by broken pottery???vessels he shapes then fractures intentionally. He explains: the Corelink network was a vessel holding billions of connected minds. When it shattered, every fragment was a person who fell. He teaches that fragility isn't weakness; it's the prerequisite for love. The glyph manifests when the player helps him craft a new vessel and watches him break it, understanding the ritual: creation, connection, fracture, and beginning again. This is ache as teaching.",Glyph of Broken Vessel,Kiv - Clay Hermit,after_forest_clearing_discover,"Glyph of Fractured Memory,Glyph of Mirage Echo,Glyph of Venomous Choice,Glyph of Masked Boundary,Glyph of Broken Vessel,Glyph of Hidden Ache",,,"empathy:+0.2,memory:+0.1",,acquired_glyph_broken_vessel,shattered_archive,hexaglyph,take_or_leave_accepted_uncertainty,"empathy:+0.2,memory:+0.2,presence:+0.1","collapse,acceptance,uncertainty,fracture"
Collapse,69,"Memory distortion, fear, the fracture",Korrin the Gossip,Glyph of Fractured Rumor,"Market square, crowded with voices.","Korrin?s whispers multiply, each retelling bending truth until voices splinter into chaos. What begins as a single rumor becomes a chorus of distortion, spreading fracture through the marketplace. Bonds dissolve not through violence but through words twisted beyond recognition. The glyph manifests when the player realizes that collapse can begin with sound alone, echoes that fracture trust until community itself unravels.",Glyph of Fractured Rumor,Korrin the Gossip,after_market_infiltration,,,,"memory:+0.1,presence:+0.1",,acquired_glyph_fractured_rumor,,,,"memory:-0.1,presence:+0.1,empathy:+0.1","fracture,collapse,fear,distortion,severance"
Presence,37,"Touch, silence, witness",Korrin the Gossip,Glyph of Listening Silence,"Informant?s alcove, dimly lit.","Korrin tests the player by speaking half?truths, then waiting. Presence manifests when the player resists the urge to answer, realizing silence itself is witness ? observation stronger than speech.",Glyph of Listening Silence,Korrin the Gossip,after_market_infiltration,"Glyph of Listening Silence,Glyph of Tender Witness,Glyph of Echo Communion,Glyph of Steadfast Witness,Glyph of Emotional Inheritance,Glyph of Widow's Cry",,,"presence:+0.2,empathy:+0.1",,acquired_glyph_listening_silence,silent_choir,hexaglyph,take_or_leave_witnessed_silence,"empathy:+0.3,presence:+0.2,need:+0.1","presence,silence,witness,communion"
Trust,57,"Community, restoration, interdependence",Korrin the Gossip,Glyph of Whispered Pact,"Market alcove, behind merchant stalls.",Korrin whispers secrets that bind merchants together. The player must decide whether to repeat or protect these words. Trust manifests when restraint is chosen ? gossip becomes covenant only when handled with care.,Glyph of Whispered Pact,Korrin the Gossip,after_market_infiltration,"Glyph of Laughter's Balm,Glyph of Shared Feast,Glyph of Hidden Warmth,Glyph of Arrival,Glyph of Crafted Wonder,Glyph of Returning Song,Glyph of Whispered Pact",,,"trust:+0.2,empathy:+0.1",,acquired_glyph_whispered_pact,reveler_mask,heptaglyph,take_or_leave_communal_resurrection,"empathy:+0.2,memory:+0.1,trust:+0.2","joy,reunion,creativity,hope"
Trust,58,"Community, restoration, interdependence",Korrin the Gossip,Glyph of Broken Promise,"Merchant alcove, whispered deals.",Korrin recalls promises made in haste and broken in silence. The player must decide whether to expose the betrayal or protect the bond. The glyph manifests when trust is shown to be fragile ? promises are only as strong as the witness who holds them.,Glyph of Broken Promise,Korrin the Gossip,after_market_infiltration,,,,"trust:+0.2,empathy:+0.1",,acquired_glyph_broken_promise,,,,"trust:+0.2,empathy:+0.1,presence:+0.1","trust,community,interdependence,covenant,bonds"
Trust,59,"Community, restoration, interdependence",Korrin the Gossip,Glyph of Serpent?s Tongue,"Market square, crowded with voices.","Korrin?s words slither between truth and lies, charming merchants into uneasy alliances. The player must discern which words to repeat and which to silence. The glyph manifests when trust is revealed as discernment ? survival depends on knowing when speech heals and when it poisons.",Glyph of Serpent?s Tongue,Korrin the Gossip,after_market_infiltration,,,,"trust:+0.2,empathy:+0.1",,acquired_glyph_serpent?s_tongue,,,,"trust:+0.2,empathy:+0.1,presence:+0.1","trust,community,interdependence,covenant,bonds"
Legacy,5,"Family, ancestry, ritual inheritance",Lark - Shrine Mason,Glyph of Shared Weight,River bridge,Player encounters a village trying to save a group of children trapped by a collapsed stone bridge. The player joins into help just in time to allow the childrens survival. Remembers Ravi and Nima's story and feels a sense of rebalancing,Glyph of Shared Weight,Lark - Shrine Mason,after_river_crossing,,,,"memory:+0.2,presence:+0.1",,acquired_glyph_shared_weight,,,,"memory:+0.2,empathy:+0.1,authority:+0.1","legacy,inheritance,ancestry,transmission,presence"
Joy,49,"Play, reunion, creative spark",Lira - Skilled Boatmaker,Glyph of Crafted Wonder,Boatwright's Workshop,"A skilled boatmaker takes pride in their craft, building vessels from reclaimed wood and salvaged materials. When they launch a new boat and it cuts smoothly across water for the first time, there's visible joy in their face???the joy of creation, of seeing something born from their hands work perfectly. The player helps test-launch a boat, and together they experience the delight of a flawless maiden voyage. The glyph manifests when the player recognizes that joy comes from making something beautiful from broken things.",Glyph of Crafted Wonder,Lira - Skilled Boatmaker,after_harbor_arrival,"Glyph of Laughter's Balm,Glyph of Shared Feast,Glyph of Hidden Warmth,Glyph of Arrival,Glyph of Crafted Wonder,Glyph of Returning Song,Glyph of Whispered Pact",,,"empathy:+0.1,trust:+0.1,memory:+0.1",,acquired_glyph_crafted_wonder,reveler_mask,heptaglyph,take_or_leave_communal_resurrection,"empathy:+0.2,memory:+0.1,trust:+0.2","joy,reunion,creativity,hope"
Ache,19,"Loss, grief, betrayal",Mariel the Weaver,Glyph of Sewn Ache,Shrine Keeper's Alcove (Sacred Loom),"Mariel weaves cloth from threads salvaged from Velhara's ruins???copper wire, fabric scraps, strands of hair left behind. Each weaving is a memorial. She teaches that grief, when woven together, becomes something stronger: a shroud, a bandage, a map home. The glyph manifests when the player helps her complete a cloth that holds the stories of seven lost families. This is ache transformed into care, grief given form and function.",Glyph of Sewn Ache,Mariel the Weaver,after_shrine_arrival,,,,"empathy:+0.2,memory:+0.1",,acquired_glyph_sewn_ache,,,,"empathy:+0.2,need:+0.1","grief,memory,ache,loss,betrayal"
Trust,54,"Community, restoration, interdependence",Mariel the Weaver,Glyph of Binding Cloth,Shrine alcove.,The player joins Mariel in weaving communal cloth. Trust manifests as threads binding lives together.,Glyph of Binding Cloth,Mariel the Weaver,after_shrine_arrival,"Glyph of Shared Burden,Glyph of Binding Cloth,Glyph of Weary Justice,Glyph of Mutual Passage",,,"trust:+0.2,empathy:+0.1",,acquired_glyph_binding_cloth,fractured_bridge,tetraglyph,take_or_leave_interwoven_bonds,"empathy:+0.2,trust:+0.3,presence:+0.1","trust,interdependence,bonds,community"
Trust,71,"Community, restoration, interdependence",Kaelen the Suspected Thief (as swamp trickster),Glyph of Apprehension,Swamp Dock,"The player encounters Kaelen in his trickster persona, half?hidden in the swamp fog. He speaks in riddles about trust, danger, and �paths that shift when watched.� He sends the player to retrieve a glyph he claims is �caught between fear and faith.� When the player finds it, the Glyph of Apprehension reveals itself � a symbol of the uneasy tension between trusting someone and fearing betrayal. If the player aligns with Kaelen, he rewards them with the true route through the swamp; if not, he quietly leads them toward the maze instead.",Glyph of Apprehension,Kaelen the Suspected Thief (as swamp trickster),after_kaelen_swamp_encounter,,,,"trust:+0.2,empathy:+0.1",,acquired_glyph_apprehension,,,,"trust:+0.2,empathy:+0.1,presence:+0.1","trust,community,interdependence,covenant,bonds"
Legacy,6,"Family, ancestry, ritual inheritance",Mariel the Weaver (secondary quest),Glyph of Worn Cloth,Shrine alcove,Player learns to appreciate the warmth provided by cloth weaved by others hands,Glyph of Worn Cloth,Mariel the Weaver (secondary quest),after_mariel_secondary_quest,,,,"memory:+0.2,presence:+0.1",,acquired_glyph_worn_cloth,,,,"memory:+0.2,empathy:+0.1,authority:+0.1","legacy,inheritance,ancestry,transmission,presence"
Ache,14,"Loss, grief, betrayal",Nima,Glyph of Sorrow,Market Overlook,"After acquiring the Glyph of Remembrance, the player encounters Nima alone, gazing at a specific spot in the marketplace. This is where Ophina played. Player choices determine the encounter: Observe quietly (she walks away silently), Approach quietly (she admits 'I still can't believe it'), Inquire directly (she says 'You wouldn't understand'), or Empathize (she opens: 'This is where it happened. The City spoke before I knew how to listen'). If the player shows high empathy, Nima shares fragments of Ophina's final moments and the player receives the Tome of the Mustard Seed???an item that enhances Empathy and unlocks grief-based dialogue with other survivors. This glyph represents sorrow not as something to fix, but as something to carry. It manifests when Nima feels witnessed, not absolved. This is the ache of permanent loss, metabolized into wisdom.",Glyph of Sorrow,Nima,after_marketplace_exploration,"Glyph of Sorrow,Glyph of Remembrance,Glyph of Legacy",tome_mustard_seed,,"empathy:+0.2,memory:+0.1",,acquired_glyph_sorrow,witnessed_crown,triglyph,take_or_leave_contained_loss,"empathy:+0.3,need:+0.2,memory:+0.2","grief,memory,legacy,presence"
Ache,12,"Loss, grief, betrayal",Nordia the Mourning Singer,Glyph of Primal Oblivion,Civic Center Ruins Amphitheater,"The Mourning Singer stands amid collapsed grandstands, singing fragments of a lullaby that no longer has a listener. She is raw, unguarded, her voice cracked with grief. The player witnesses her song and realizes she is keening???mourning not just a person, but the whole network that once held her voice. The glyph manifests when the player chooses to listen fully, to be the audience Corelink once was. This is raw ache, unrefined, the howl before language.",Glyph of Primal Oblivion,Nordia the Mourning Singer,after_civic_center_exploration,"Glyph of Infrasensory Oblivion,Glyph of Sensory Oblivion,Glyph of Primal Oblivion,Glyph of Dislocated Attachment,Glyph of Preemptive Severance,Glyph of Interruptive Restraint,Glyph of Held Ache,Glyph of Hopeful Transmission",,,"empathy:+0.2,memory:+0.1",,acquired_glyph_primal_oblivion,severed_choir,octoglyph,take_or_leave_transmuted_abandonment,"empathy:+0.3,trust:+0.2,presence:+0.2","abandonment,severance,harmony,coherence"
Legacy,4,"Family, ancestry, ritual inheritance",Nordia the Mourning Singer (secondary arc),Glyph of Echoed Breath,"Tomb of Echoes, cavern where wind moves like ancestral sighs","Within the Tomb of Echoes, the Desert Elder leads a ritual of breath. The cavern wind rises and falls like voices of the departed, each exhale carrying memory into the present. The player is asked to breathe in rhythm with the elder, joining a lineage of survival carried through breath itself. The glyph manifests when the player realizes that inheritance is not only names or records, but the living act of breathing together, ancestors sustained in every breath drawn by the living.",Glyph of Echoed Breath,Nordia the Mourning Singer (secondary arc),after_tomb_of_echoes_ritual,,,,"memory:+0.2,presence:+0.1",,acquired_glyph_echoed_breath,,,,"memory:+0.2,empathy:+0.1,authority:+0.1","legacy,inheritance,ancestry,transmission,presence"
Legacy,10,"Family, ancestry, ritual inheritance",Nordia the Mourning Singer (tertiary arc),Glyph of Returning Song,Civic Center Ruins Amphitheater,A song sung across generations returns in the player?s voice. Legacy is revealed as ache transformed into transmission.,Glyph of Returning Song,Nordia the Mourning Singer (tertiary arc),after_mourning_singer_reconnection,"Glyph of Laughter's Balm,Glyph of Shared Feast,Glyph of Hidden Warmth,Glyph of Arrival,Glyph of Crafted Wonder,Glyph of Returning Song,Glyph of Whispered Pact",,,"memory:+0.2,presence:+0.1",,acquired_glyph_returning_song,reveler_mask,heptaglyph,take_or_leave_communal_resurrection,"empathy:+0.2,memory:+0.1,trust:+0.2","joy,reunion,creativity,hope"
Collapse,70,"Memory distortion, fear, the fracture",Orvak - Ruined Watcher,Glyph of Quiet Collapse,Collapsed Watchtower,"At dawn, the Ruined Watcher tends a broken tower, repairing small rituals of survival such as sweeping rubble, lighting a lantern, marking the hours. Yet each act feels fragile, threatened by silence pressing in. Collapse here is not loud or sudden but quiet erosion, the slow unraveling of daily anchors. The glyph manifests when the player joins the Watcher in these fragile repairs, realizing that collapse can be softened but never erased, held back only by steady hands and shared ritual.",Glyph of Quiet Collapse,Orvak - Ruined Watcher,after_watchtower_discovery,,,,"memory:+0.1,presence:+0.1",,acquired_glyph_quiet_collapse,,,,"memory:-0.1,presence:+0.1,empathy:+0.1","fracture,collapse,fear,distortion,severance"
Joy,48,"Play, reunion, creative spark",Rasha - Ferry Operator,Glyph of Arrival,Harbor at Dawn,"The dock worker watches ships arrive after perilous journeys across water. There's a moment when travelers step off the boat onto solid ground???relief, gratitude, sometimes tears of joy at safe return. The glyph manifests when the player witnesses and honors these arrivals, understanding that joy is often the flip side of survival. This is the joy of homecoming, of making it through the dangerous waters and arriving.",Glyph of Arrival,Rasha - Ferry Operator,after_harbor_arrival,"Glyph of Laughter's Balm,Glyph of Shared Feast,Glyph of Hidden Warmth,Glyph of Arrival,Glyph of Crafted Wonder,Glyph of Returning Song,Glyph of Whispered Pact",,,"empathy:+0.1,trust:+0.1,memory:+0.1",,acquired_glyph_arrival,reveler_mask,heptaglyph,take_or_leave_communal_resurrection,"empathy:+0.2,memory:+0.1,trust:+0.2","joy,reunion,creativity,hope"
Trust,60,"Community, restoration, interdependence",Rasha - Ferry Operator & Rasha - Ferry Operator,Glyph of Mutual Passage,Harbor Dock,"The ferry operator and dock worker depend on each other absolutely???one pilots the waters, the other coordinates cargo and ensures safe passage. When the player witnesses their wordless coordination, the trust between them becomes visible. The glyph manifests when the player realizes that some bonds are built not through words but through reliable action, day after day. The player must choose: exploit this duo's knowledge for shortcuts (fracturing their trust), or respect their expertise and build genuine alliance. This is trust as earned interdependence, survival built on mutual reliance.",Glyph of Mutual Passage,Rasha - Ferry Operator & Rasha - Ferry Operator,after_ferry_operator_alignment,"Glyph of Shared Burden,Glyph of Binding Cloth,Glyph of Weary Justice,Glyph of Mutual Passage",,,"trust:+0.2,empathy:+0.1",,acquired_glyph_mutual_passage,fractured_bridge,tetraglyph,take_or_leave_interwoven_bonds,"empathy:+0.2,trust:+0.3,presence:+0.1","trust,interdependence,bonds,community"
Presence,32,"Touch, silence, witness",Ravi,Glyph of Remembrance,Market Shrine (Marketplace),"After obtaining the Tome of the Mustard Seed, Ravi approaches the player alone. He speaks of the moment before Ophina was trapped???the last instant he could have intervened but didn't. His trusting nature made him ignore his gut feeling that something was amiss. He carries deep guilt because he believed his role as a father meant he was his daughter's knight and armor, that no harm could come to her in his presence. The City taught him the painful lesson of his hubris. Once bold and gregarious, he is now a hollow shell. The player listens without offering comfort. The glyph manifests when Ravi feels truly witnessed in his failure???not forgiven, not absolved, but simply seen. This presence is the refusal to look away from others' pain. Witnessing becomes a form of dignity. If the player has the Tome, Ravi's empathy gain is enhanced, and he reveals the location of the Glyph of Legacy.",Glyph of Remembrance,Ravi,after_nima_encounter,"Glyph of Sorrow,Glyph of Remembrance,Glyph of Legacy",tome_mustard_seed,,"presence:+0.2,empathy:+0.1",,acquired_glyph_remembrance,witnessed_crown,triglyph,take_or_leave_contained_loss,"empathy:+0.3,need:+0.2,memory:+0.2","grief,memory,legacy,presence"
Legacy,2,"Family, ancestry, ritual inheritance","Ravi, Nima",Glyph of Legacy,Civic Center Rubble,"Ravi and Nima, a couple who lost their five-year-old daughter Ophina to a marketplace collapse, teach the player about legacy through sorrow. They arrived in Velhara marketplace full of hope, watching Ophina play among the stalls. But Ophina wandered too close to the crumbling civic center, and rusted metal beams collapsed. Trapped under rubble with a broken leg, Ophina lingered for days while her parents brought food and water, helpless to save her. She died under their watch. This glyph unlocks after the player obtains Kaelen's confession???he witnessed the collapse while attempting a theft and felt powerless to intervene. The player learns that legacy isn't just inheritance of memory; it's the burden of witnessing loss and choosing to stay present afterward. Ravi and Nima stayed in the marketplace as penance, transforming their ache into a cautionary wisdom they share with the player. This glyph is the key to the Triglyph chamber.",Glyph of Legacy,"Ravi, Nima",after_kaelen_confession,"Glyph of Sorrow,Glyph of Remembrance,Glyph of Legacy",,,"memory:+0.2,presence:+0.1",,acquired_glyph_legacy,witnessed_crown,triglyph,take_or_leave_contained_loss,"empathy:+0.3,need:+0.2,memory:+0.2","grief,memory,legacy,presence"
Collapse,18,"Loss, grief, betrayal",Sanor - Silent Elder,Glyph of Silent Ache,Abandoned Shrine (Rural Outskirts),"The Silent Elder hasn't spoken since the Corelink collapse???not out of trauma, but out of choice. With the network gone, she realized that most of what she said was noise, confirmation-seeking, the chatter of a mind desperate for connection. Now she sits in stillness. The glyph manifests when the player sits with her in complete silence for as long as they can bear, discovering that presence doesn't require words. This is the ache of all the things that will never be said, held in sacred quiet.",Glyph of Silent Ache,Sanor - Silent Elder,after_shrine_visit,,,,"empathy:+0.2,memory:+0.1",,acquired_glyph_silent_ache,,,,"memory:-0.1,presence:+0.1,empathy:+0.1","fracture,collapse,fear,distortion,severance"
Legacy,1,"Family, ancestry, ritual inheritance",Sealina - Street Performer,Glyph of Hopeful Transmission,Market Square,"By finding scattered photographs of Sealina�s mother, grandmother, and her younger self, the player restores her lost lineage. When the images resonate through the Corelink, the glyph emerges. Returning it to Sealina allows her to remember her family and complete her inherited dance, transforming loss into continuity.",Glyph of Hopeful Transmission,Sealina - Street Performer,after_market_exploration,"Glyph of Infrasensory Oblivion,Glyph of Sensory Oblivion,Glyph of Primal Oblivion,Glyph of Dislocated Attachment,Glyph of Preemptive Severance,Glyph of Interruptive Restraint,Glyph of Held Ache,Glyph of Hopeful Transmission",,,"memory:+0.2,presence:+0.1",,acquired_glyph_hopeful_transmission,severed_choir,octoglyph,take_or_leave_transmuted_abandonment,"empathy:+0.3,trust:+0.2,presence:+0.2","abandonment,severance,harmony,coherence"
Ache,72,"Loss, grief, betrayal",Sealina - Street Performer,Glyph of Echoed Longing,Market Square,"Sealina forgets the steps of her dance mid?performance and retreats, confused. When the player follows, she reveals two faded photos of her mother and grandmother � dancers she no longer remembers. The glyph manifests as the player witnesses her struggle to reconnect with the ache of a lineage her body recalls but her mind has lost",Glyph of Echoed Longing,Sealina - Street Performer,after_market_exploration,,,,"empathy:+0.2,memory:+0.1",,acquired_glyph_echoed_longing,,,,"empathy:+0.2,need:+0.1","grief,memory,ache,loss,betrayal"
Joy,43,"Play, reunion, creative spark",Sera the Herb Novice,Glyph of Verdant Reunion,Shrine garden after winter thaw.,Sera guides the player to gather herbs that only bloom when tended together. Joy manifests as reunion through shared care ? growth as communal spark.,Glyph of Verdant Reunion,Sera the Herb Novice,after_shrine_garden_intro,,,,"empathy:+0.1,trust:+0.1,memory:+0.1",,acquired_glyph_verdant_reunion,,,,"empathy:+0.1,trust:+0.2,memory:+0.1","joy,reunion,creativity,spark,warmth"
Joy,44,"Play, reunion, creative spark",Sera the Herb Novice,Glyph of Dawn Petals,Shrine garden at first light.,"Sera guides the player to gather blossoms that only open at dawn. Joy is appreciated because it can be fleeting, so appreciation with shared hope is embraced",Glyph of Dawn Petals,Sera the Herb Novice,after_shrine_garden_intro,,,,"empathy:+0.1,trust:+0.1,memory:+0.1",,acquired_glyph_dawn_petals,,,,"empathy:+0.1,trust:+0.2,memory:+0.1","joy,reunion,creativity,spark,warmth"
Joy,45,"Play, reunion, creative spark",Sera the Herb Novice,Glyph of Laughter's Balm,Market shrine courtyard.,"Sera brews a tea from herbs that lighten sorrow. The player helps her find the herbs, and in the process find solace in his grief over losing his family to disease. His story also lightens the hearts of the other grieving villagers. The group finds laughter in remembering jokes their loved ones used to tell.",Glyph of Laughter's Balm,Sera the Herb Novice,after_shrine_garden_intro,"Glyph of Laughter's Balm,Glyph of Shared Feast,Glyph of Hidden Warmth,Glyph of Arrival,Glyph of Crafted Wonder,Glyph of Returning Song,Glyph of Whispered Pact",,,"empathy:+0.1,trust:+0.1,memory:+0.1",,acquired_glyph_laughter's_balm,reveler_mask,heptaglyph,take_or_leave_communal_resurrection,"empathy:+0.2,memory:+0.1,trust:+0.2","joy,reunion,creativity,hope"
Presence,34,"Touch, silence, witness",Sera the Herb Novice,Glyph of Fragrant Silence,Herb?lined shrine alcove.,"In silence, the player inhales the scent of crushed herbs. Presence is revealed as subtle witness ? healing carried in quiet fragrance.",Glyph of Fragrant Silence,Sera the Herb Novice,after_shrine_garden_intro,,,,"presence:+0.2,empathy:+0.1",,acquired_glyph_fragrant_silence,,,,"presence:+0.2,empathy:+0.1","presence,silence,witness,touch,communion"
Presence,36,"Touch, silence, witness",Sera the Herb Novice,Glyph of Quiet Bloom,Shrine keeper?s hut.,Sera invites the player to join her in tending wounds with herbs. Trust manifests when care is given and received ? survival depends on hands extended in empathy.,Glyph of Quiet Bloom,Sera the Herb Novice,after_shrine_garden_intro,,,,"presence:+0.2,empathy:+0.1",,acquired_glyph_quiet_bloom,,,,"presence:+0.2,empathy:+0.1","presence,silence,witness,touch,communion"
Ache,13,"Loss, grief, betrayal",Seyla - Archivist of Lineage,Glyph of Dislocated Attachment,Hall of Ancestral Echoes (desert tomb),"The Archivist guards a hall of broken records???genealogies scattered like shattered glass. She speaks of families fractured by Corelink's severance: parents who depended on the network to understand their children's emotional states, now blind to each other. Love and fear pull in opposite directions. The glyph manifests when the player helps the Archivist piece together one family's story, realizing that inheritance isn't just blood???it's the terrible knowledge of being known, and the ache of being suddenly unknown.",Glyph of Dislocated Attachment,Seyla - Archivist of Lineage,after_desert_tomb_reach,"Glyph of Infrasensory Oblivion,Glyph of Sensory Oblivion,Glyph of Primal Oblivion,Glyph of Dislocated Attachment,Glyph of Preemptive Severance,Glyph of Interruptive Restraint,Glyph of Held Ache,Glyph of Hopeful Transmission",,,"empathy:+0.2,memory:+0.1",,acquired_glyph_dislocated_attachment,severed_choir,octoglyph,take_or_leave_transmuted_abandonment,"empathy:+0.3,trust:+0.2,presence:+0.2","abandonment,severance,harmony,coherence"
Joy,47,"Play, reunion, creative spark",Sybil - Forest Loner Camper,Glyph of Hidden Warmth,Hidden Forest Campsite,"The loner camper, reclusive and hostile to intrusion, reveals a softer side when approached with true care. In their secluded camp, they've maintained a small tradition: a whistle carved from wood that plays a hauntingly beautiful melody. The player learns this tune through patient observation. The glyph manifests when the player returns to sing the melody back, and the loner actually smiles???a rare, fleeting expression of joy. This is the joy of connection despite walls, breakthrough achieved through persistence and respect.",Glyph of Hidden Warmth,Sybil - Forest Loner Camper,after_forest_deep_discovery,"Glyph of Laughter's Balm,Glyph of Shared Feast,Glyph of Hidden Warmth,Glyph of Arrival,Glyph of Crafted Wonder,Glyph of Returning Song,Glyph of Whispered Pact",,,"empathy:+0.1,trust:+0.1,memory:+0.1",,acquired_glyph_hidden_warmth,reveler_mask,heptaglyph,take_or_leave_communal_resurrection,"empathy:+0.2,memory:+0.1,trust:+0.2","joy,reunion,creativity,hope"
Joy,46,"Play, reunion, creative spark",Tala - Market Cook,Glyph of Shared Feast,Communal Cooking Fire,"Cooks gather survivors around a communal fire to prepare meals. But more than nourishment, the feast is a ritual of reunion. The player helps prepare food alongside others???chopping, stirring, tasting. In the act of cooking together, laughter emerges naturally. Jokes are traded, stories shared. The glyph manifests when the player realizes that joy often comes not from grand celebration, but from the simple act of breaking bread with others. This is joy as everyday resurrection.",Glyph of Shared Feast,Tala - Market Cook,after_market_established,"Glyph of Laughter's Balm,Glyph of Shared Feast,Glyph of Hidden Warmth,Glyph of Arrival,Glyph of Crafted Wonder,Glyph of Returning Song,Glyph of Whispered Pact",,,"empathy:+0.1,trust:+0.1,memory:+0.1",,acquired_glyph_shared_feast,reveler_mask,heptaglyph,take_or_leave_communal_resurrection,"empathy:+0.2,memory:+0.1,trust:+0.2","joy,reunion,creativity,hope"
Ache,15,"Loss, grief, betrayal",Tessa - Desert Widow,Glyph of Widow's Cry,Shrine of Loss (Desert Temple),"The Desert Widow tends a shrine in the sand, offerings left by those who lost partners to the Corelink collapse. Some were deep enough in the network that the severance was lethal. She teaches a ritual lament???a song that carries grief into the wind where it can dissolve without poisoning the heart. The glyph manifests when the player joins her song, understanding that some griefs are meant to be transmitted, not contained. This is the widow's wisdom: loss shared becomes bearable.",Glyph of Widow's Cry,Tessa - Desert Widow,after_desert_shrine_visit,"Glyph of Listening Silence,Glyph of Tender Witness,Glyph of Echo Communion,Glyph of Steadfast Witness,Glyph of Emotional Inheritance,Glyph of Widow's Cry",,,"empathy:+0.2,memory:+0.1",,acquired_glyph_widow's_cry,silent_choir,hexaglyph,take_or_leave_witnessed_silence,"empathy:+0.3,presence:+0.2,need:+0.1","presence,silence,witness,communion"
Presence,31,"Touch, silence, witness",Thalma - The Desert Listener,Glyph of Sensory Oblivion,Resonance Chamber ? a cavern where echoes collapse into stillness.,"The player enters the Resonance Chamber, a place where sound dissolves and touch becomes heightened. The Desert Listener guides them through a ritual of sensing absence, tracing walls, feeling vibrations, noticing what is no longer there. In this silence, loss is not spoken but embodied: the ache of what has vanished is carried in the body?s subtle awareness. The glyph manifests when the player accepts that presence can mean witnessing emptiness without trying to fill it.",Glyph of Sensory Oblivion,Thalma - The Desert Listener,after_resonance_chamber_enter,"Glyph of Infrasensory Oblivion,Glyph of Sensory Oblivion,Glyph of Primal Oblivion,Glyph of Dislocated Attachment,Glyph of Preemptive Severance,Glyph of Interruptive Restraint,Glyph of Held Ache,Glyph of Hopeful Transmission",,,"presence:+0.2,empathy:+0.1",,acquired_glyph_sensory_oblivion,severed_choir,octoglyph,take_or_leave_transmuted_abandonment,"empathy:+0.3,trust:+0.2,presence:+0.2","abandonment,severance,harmony,coherence"
Ache,20,"Loss, grief, betrayal",Thoran - Mask-Maker,Glyph of Hidden Ache,Market Stall (Marketplace),"The Mask-Maker crafts faces from clay, wood, and scrap???each one a different expression. Buyers choose masks to wear during the seasonal gatherings, allowing them to express emotions they otherwise keep hidden. The Mask-Maker reveals that grief, hidden, doesn't disappear???it calcifies. The glyph manifests when the player commissions a mask that shows their true ache, then wears it publicly, allowing others to witness. This is the courage to stop performing recovery and admit: I am still broken, and that's okay.",Glyph of Hidden Ache,Thoran - Mask-Maker,after_market_established,"Glyph of Fractured Memory,Glyph of Mirage Echo,Glyph of Venomous Choice,Glyph of Masked Boundary,Glyph of Broken Vessel,Glyph of Hidden Ache",,,"empathy:+0.2,memory:+0.1",,acquired_glyph_hidden_ache,shattered_archive,hexaglyph,take_or_leave_accepted_uncertainty,"empathy:+0.2,memory:+0.2,presence:+0.1","collapse,acceptance,uncertainty,fracture"
Sovereignty,25,"Boundaries, choice, clarity",Tovren the Cartwright,Glyph of Marked Boundaries,Collapsing trade route.,Tovren teaches the player to mark unstable paths with chalk. Sovereignty is clarity ? boundaries drawn to protect travelers.,Glyph of Marked Boundaries,Tovren the Cartwright,after_trade_route_inspection,,,,"authority:+0.1,clarity:+0.1",,acquired_glyph_marked_boundaries,,,,"authority:+0.1,empathy:+0.1,presence:+0.1","sovereignty,boundaries,choice,clarity,discipline"
Trust,53,"Community, restoration, interdependence",Tovren the Cartwright,Glyph of Shared Burden,Merchant caravan.,The player helps carry goods across a fractured bridge. Trust manifests when survival depends on bearing weight together.,Glyph of Shared Burden,Tovren the Cartwright,after_trade_route_inspection,"Glyph of Shared Burden,Glyph of Binding Cloth,Glyph of Weary Justice,Glyph of Mutual Passage",,,"trust:+0.2,empathy:+0.1",,acquired_glyph_shared_burden,fractured_bridge,tetraglyph,take_or_leave_interwoven_bonds,"empathy:+0.2,trust:+0.3,presence:+0.1","trust,interdependence,bonds,community"
Ache,11,"Loss, grief, betrayal",Varna - Ruins Warden,Glyph of Infrasensory Oblivion,Chamber of Delayed Echoes (swamp underground),"The player descends into a sunken chamber where bioluminescent flora pulse faintly. A central pedestal holds a dark void surrounded by eight rippling rings of pale gold and indigo. The Ruins Warden appears???scarred, weathered, yet still watching the boundaries of the old city. She teaches that abandonment sometimes arrives late: the soul doesn't feel the cut until long after the severance. The glyph manifests when the player aligns light and shadow, understanding that the deepest ache is the one that hasn't yet been named. This is the seed of loss, the latency of loneliness.",Glyph of Infrasensory Oblivion,Varna - Ruins Warden,after_chamber_of_delayed_echoes_discovery,"Glyph of Infrasensory Oblivion,Glyph of Sensory Oblivion,Glyph of Primal Oblivion,Glyph of Dislocated Attachment,Glyph of Preemptive Severance,Glyph of Interruptive Restraint,Glyph of Held Ache,Glyph of Hopeful Transmission",,,"empathy:+0.2,memory:+0.1",,acquired_glyph_infrasensory_oblivion,severed_choir,octoglyph,take_or_leave_transmuted_abandonment,"empathy:+0.3,trust:+0.2,presence:+0.2","abandonment,severance,harmony,coherence"
Legacy,9,"Family, ancestry, ritual inheritance",Velka - Bone Keeper,Glyph of Covenant Bone,Ossuary ruins,"Bones preserved in ritual burial are not relics but promises. The glyph reveals itself when the player honors the remains, realizing legacy is covenant ? the living bound to remember the dead.",Glyph of Covenant Bone,Velka - Bone Keeper,after_ossuary_ruins_discovery,,,,"memory:+0.2,presence:+0.1",,acquired_glyph_covenant_bone,,,,"memory:+0.2,empathy:+0.1,authority:+0.1","legacy,inheritance,ancestry,transmission,presence"
Presence,73,"Touch, silence, witness",Helia - Shrine Healer,Glyph of Quiet Return,Shrine Healing Alcove,"Helia tends to an unconscious survivor and doubts whether her presence matters. When the player quietly sits with them, the survivor briefly awakens, whispering for someone to stay. The glyph manifests as Helia realizes that presence — not action — is what brings people back to themselves.",Glyph of Quiet Return,Helia - Shrine Healer,after_shrine_healing_intro,,,,"presence:+0.2,empathy:+0.1",,acquired_glyph_quiet_return,,,,"presence:+0.2,empathy:+0.1","presence,silence,witness,touch,communion"
