phrase,lemmas,pos,example,source_urls,score
cognitive dissonance,cognitive dissonance,"ADJ,NOUN","In this chapter, we discuss the intrapersonal processes of self-presentation, cognitive dissonance and attitude change, and the interpersonal processes of conformity and obedience, aggression and altruism, and, finally, love and attraction.","https://openstax.org/books/psychology-2e/pages/12-1-what-is-social-psychology,https://openstax.org/books/psychology-2e/pages/12-3-attitudes-and-persuasion,https://openstax.org/books/psychology-2e/pages/12-summary",18.3
tension,tension,NOUN,"Cattell (1957) identified 16 factors or dimensions of personality: warmth, reasoning, emotional stability, dominance, liveliness, rule-consciousness, social boldness, sensitivity, vigilance, abstractedness, privateness, apprehension, openness to change, self-reliance, perfectionism, and tension ( Table 11.5 ).","https://openstax.org/books/psychology-2e/pages/11-7-trait-theorists,https://openstax.org/books/psychology-2e/pages/12-summary",14.0
rhythm,rhythm,PROPN,"For example, a song may be made up of individual notes played by different instruments, but the real nature of the song is perceived in the combinations of these notes as they form the melody, rhythm, and harmony.",https://openstax.org/books/psychology-2e/pages/1-2-history-of-psychology,9.0
personality traits,personality trait,"NOUN,NOUN","Hippocrates theorized that personality traits and human behaviors are based on four separate temperaments associated with four fluids (“humors”) of the body: choleric temperament (yellow bile from the liver), melancholic temperament (black bile from the kidneys), sanguine temperament (red blood from the heart), and phlegmatic temperament (white phlegm from the lungs) (Clark & Watson, 2008; Eysenck & Eysenck, 1985; Lecci & Magnavita, 2013; Noga, 2007).","https://openstax.org/books/psychology-2e/pages/11-1-what-is-personality,https://openstax.org/books/psychology-2e/pages/11-4-learning-approaches,https://openstax.org/books/psychology-2e/pages/11-7-trait-theorists,https://openstax.org/books/psychology-2e/pages/11-8-cultural-understandings-of-personality,https://openstax.org/books/psychology-2e/pages/12-1-what-is-social-psychology,https://openstax.org/books/psychology-2e/pages/12-5-prejudice-and-discrimination,https://openstax.org/books/psychology-2e/pages/12-key-terms",8.3
beginning,begin,VERB,"The concept of personality has been studied for at least 2,000 years, beginning with Hippocrates in 370 BCE (Fazeli, 2012).","https://openstax.org/books/psychology-2e/pages/11-1-what-is-personality,https://openstax.org/books/psychology-2e/pages/12-5-prejudice-and-discrimination,https://openstax.org/books/psychology-2e/pages/1-2-history-of-psychology",8.0
acceptance,acceptance,NOUN,"When these children grow up, they tend to use this same coping strategy to deal with relationships, expressing an intense need for love and acceptance (Burger, 2008).",https://openstax.org/books/psychology-2e/pages/11-3-neo-freudians-adler-erikson-jung-and-horney,8.0
unconscious,unconscious,ADJ,"According to Freud, unconscious drives influenced by sex and aggression, along with childhood sexuality, are the forces that influence our personality.","https://openstax.org/books/psychology-2e/pages/11-1-what-is-personality,https://openstax.org/books/psychology-2e/pages/11-2-freud-and-the-psychodynamic-perspective,https://openstax.org/books/psychology-2e/pages/11-3-neo-freudians-adler-erikson-jung-and-horney,https://openstax.org/books/psychology-2e/pages/12-5-prejudice-and-discrimination,https://openstax.org/books/psychology-2e/pages/1-2-history-of-psychology",8.0
sexuality,sexuality,NOUN,"According to Freud, unconscious drives influenced by sex and aggression, along with childhood sexuality, are the forces that influence our personality.","https://openstax.org/books/psychology-2e/pages/11-1-what-is-personality,https://openstax.org/books/psychology-2e/pages/11-2-freud-and-the-psychodynamic-perspective",7.0
aggression,aggression,NOUN,"According to Freud, unconscious drives influenced by sex and aggression, along with childhood sexuality, are the forces that influence our personality.","https://openstax.org/books/psychology-2e/pages/11-1-what-is-personality,https://openstax.org/books/psychology-2e/pages/11-3-neo-freudians-adler-erikson-jung-and-horney,https://openstax.org/books/psychology-2e/pages/12-1-what-is-social-psychology,https://openstax.org/books/psychology-2e/pages/12-6-aggression,https://openstax.org/books/psychology-2e/pages/12-key-terms,https://openstax.org/books/psychology-2e/pages/12-summary",7.0
figure,figure,NOUN,"While we tend to think of a mask as being worn to conceal one’s identity, the theatrical mask was originally used to either represent or project a specific personality trait of a character ( Figure 11.2 ).","https://openstax.org/books/psychology-2e/pages/11-1-what-is-personality,https://openstax.org/books/psychology-2e/pages/11-2-freud-and-the-psychodynamic-perspective,https://openstax.org/books/psychology-2e/pages/11-3-neo-freudians-adler-erikson-jung-and-horney,https://openstax.org/books/psychology-2e/pages/11-4-learning-approaches,https://openstax.org/books/psychology-2e/pages/11-7-trait-theorists,https://openstax.org/books/psychology-2e/pages/11-8-cultural-understandings-of-personality,https://openstax.org/books/psychology-2e/pages/12-1-what-is-social-psychology,https://openstax.org/books/psychology-2e/pages/12-3-attitudes-and-persuasion,https://openstax.org/books/psychology-2e/pages/12-5-prejudice-and-discrimination,https://openstax.org/books/psychology-2e/pages/12-6-aggression,https://openstax.org/books/psychology-2e/pages/12-7-prosocial-behavior,https://openstax.org/books/psychology-2e/pages/12-key-terms,https://openstax.org/books/psychology-2e/pages/1-2-history-of-psychology",7.0
influence,influence,NOUN,"According to Freud, unconscious drives influenced by sex and aggression, along with childhood sexuality, are the forces that influence our personality.","https://openstax.org/books/psychology-2e/pages/11-1-what-is-personality,https://openstax.org/books/psychology-2e/pages/11-4-learning-approaches,https://openstax.org/books/psychology-2e/pages/11-8-cultural-understandings-of-personality,https://openstax.org/books/psychology-2e/pages/12-1-what-is-social-psychology,https://openstax.org/books/psychology-2e/pages/12-3-attitudes-and-persuasion,https://openstax.org/books/psychology-2e/pages/12-5-prejudice-and-discrimination,https://openstax.org/books/psychology-2e/pages/12-6-aggression,https://openstax.org/books/psychology-2e/pages/12-7-prosocial-behavior,https://openstax.org/books/psychology-2e/pages/12-key-terms,https://openstax.org/books/psychology-2e/pages/12-summary,https://openstax.org/books/psychology-2e/pages/1-2-history-of-psychology",7.0
intimacy,intimacy,NOUN,"Robert Sternberg (1986) proposed that there are three components of love: intimacy, passion, and commitment.","https://openstax.org/books/psychology-2e/pages/12-7-prosocial-behavior,https://openstax.org/books/psychology-2e/pages/12-key-terms,https://openstax.org/books/psychology-2e/pages/12-summary",7.0
passion,passion,NOUN,"Robert Sternberg (1986) proposed that there are three components of love: intimacy, passion, and commitment.","https://openstax.org/books/psychology-2e/pages/12-7-prosocial-behavior,https://openstax.org/books/psychology-2e/pages/12-key-terms,https://openstax.org/books/psychology-2e/pages/12-summary",7.0
childhood,childhood,NOUN,"According to Freud, unconscious drives influenced by sex and aggression, along with childhood sexuality, are the forces that influence our personality.","https://openstax.org/books/psychology-2e/pages/11-1-what-is-personality,https://openstax.org/books/psychology-2e/pages/11-2-freud-and-the-psychodynamic-perspective,https://openstax.org/books/psychology-2e/pages/11-3-neo-freudians-adler-erikson-jung-and-horney,https://openstax.org/books/psychology-2e/pages/11-4-learning-approaches,https://openstax.org/books/psychology-2e/pages/1-2-history-of-psychology",7.0
hidden,hide,VERB,"Based on Breuer’s description of Anna O.’s treatment, Freud concluded that hysteria was the result of sexual abuse in childhood and that these traumatic experiences had been hidden from consciousness.","https://openstax.org/books/psychology-2e/pages/11-2-freud-and-the-psychodynamic-perspective,https://openstax.org/books/psychology-2e/pages/11-4-learning-approaches",6.0
expression,expression,NOUN,"Extroversion is characterized by sociability, assertiveness, excitement-seeking, and emotional expression.","https://openstax.org/books/psychology-2e/pages/11-7-trait-theorists,https://openstax.org/books/psychology-2e/pages/12-5-prejudice-and-discrimination",6.0
traits,trait,NOUN,"Personality refers to the long-standing traits and patterns that propel individuals to consistently think, feel, and behave in specific ways.","https://openstax.org/books/psychology-2e/pages/11-1-what-is-personality,https://openstax.org/books/psychology-2e/pages/11-4-learning-approaches,https://openstax.org/books/psychology-2e/pages/11-7-trait-theorists,https://openstax.org/books/psychology-2e/pages/11-8-cultural-understandings-of-personality,https://openstax.org/books/psychology-2e/pages/12-1-what-is-social-psychology,https://openstax.org/books/psychology-2e/pages/12-3-attitudes-and-persuasion,https://openstax.org/books/psychology-2e/pages/12-5-prejudice-and-discrimination,https://openstax.org/books/psychology-2e/pages/12-7-prosocial-behavior,https://openstax.org/books/psychology-2e/pages/12-key-terms",6.0
vitality,vitality,NOUN,"They found that levels of openness and conscientiousness in a state may predict voting patterns, indicating that there are correlations between geographic regions and personality differences between liberals and conservatives relating to political views, levels of economic vitality, and entrepreneurial rates.",https://openstax.org/books/psychology-2e/pages/11-8-cultural-understandings-of-personality,5.0
express,express,VERB,"For example, women may express their aggression covertly by communication that impairs the social standing of another person.",https://openstax.org/books/psychology-2e/pages/12-6-aggression,5.0
behaviors,behavior,NOUN,"Hippocrates theorized that personality traits and human behaviors are based on four separate temperaments associated with four fluids (“humors”) of the body: choleric temperament (yellow bile from the liver), melancholic temperament (black bile from the kidneys), sanguine temperament (red blood from the heart), and phlegmatic temperament (white phlegm from the lungs) (Clark & Watson, 2008; Eysenck & Eysenck, 1985; Lecci & Magnavita, 2013; Noga, 2007).","https://openstax.org/books/psychology-2e/pages/11-1-what-is-personality,https://openstax.org/books/psychology-2e/pages/11-2-freud-and-the-psychodynamic-perspective,https://openstax.org/books/psychology-2e/pages/11-3-neo-freudians-adler-erikson-jung-and-horney,https://openstax.org/books/psychology-2e/pages/11-4-learning-approaches,https://openstax.org/books/psychology-2e/pages/11-7-trait-theorists,https://openstax.org/books/psychology-2e/pages/11-8-cultural-understandings-of-personality,https://openstax.org/books/psychology-2e/pages/12-1-what-is-social-psychology,https://openstax.org/books/psychology-2e/pages/12-3-attitudes-and-persuasion,https://openstax.org/books/psychology-2e/pages/12-5-prejudice-and-discrimination,https://openstax.org/books/psychology-2e/pages/12-6-aggression,https://openstax.org/books/psychology-2e/pages/12-7-prosocial-behavior,https://openstax.org/books/psychology-2e/pages/12-key-terms,https://openstax.org/books/psychology-2e/pages/12-summary,https://openstax.org/books/psychology-2e/pages/1-2-history-of-psychology",5.0
psychologists,psychologist,NOUN,"His report triggered a decades-long period of self-examination, known as the person-situation debate, among personality psychologists.","https://openstax.org/books/psychology-2e/pages/11-4-learning-approaches,https://openstax.org/books/psychology-2e/pages/11-7-trait-theorists,https://openstax.org/books/psychology-2e/pages/11-8-cultural-understandings-of-personality,https://openstax.org/books/psychology-2e/pages/12-1-what-is-social-psychology,https://openstax.org/books/psychology-2e/pages/12-3-attitudes-and-persuasion,https://openstax.org/books/psychology-2e/pages/12-6-aggression,https://openstax.org/books/psychology-2e/pages/12-key-terms,https://openstax.org/books/psychology-2e/pages/12-summary,https://openstax.org/books/psychology-2e/pages/1-2-history-of-psychology",5.0
theory,theory,NOUN,"Centuries later, the influential Greek physician and philosopher Galen built on Hippocrates’s theory, suggesting that both diseases and personality differences could be explained by imbalances in the humors and that each person exhibits one of the four temperaments.","https://openstax.org/books/psychology-2e/pages/11-1-what-is-personality,https://openstax.org/books/psychology-2e/pages/11-2-freud-and-the-psychodynamic-perspective,https://openstax.org/books/psychology-2e/pages/11-3-neo-freudians-adler-erikson-jung-and-horney,https://openstax.org/books/psychology-2e/pages/11-4-learning-approaches,https://openstax.org/books/psychology-2e/pages/11-5-humanistic-approaches,https://openstax.org/books/psychology-2e/pages/11-7-trait-theorists,https://openstax.org/books/psychology-2e/pages/12-3-attitudes-and-persuasion,https://openstax.org/books/psychology-2e/pages/12-6-aggression,https://openstax.org/books/psychology-2e/pages/12-7-prosocial-behavior,https://openstax.org/books/psychology-2e/pages/12-key-terms,https://openstax.org/books/psychology-2e/pages/1-2-history-of-psychology",5.0
change,change,VERB,"Our responses can change as we come across new situations; therefore, we can expect more variability over time in personality than Freud would anticipate.","https://openstax.org/books/psychology-2e/pages/11-4-learning-approaches,https://openstax.org/books/psychology-2e/pages/11-5-humanistic-approaches,https://openstax.org/books/psychology-2e/pages/11-7-trait-theorists,https://openstax.org/books/psychology-2e/pages/12-1-what-is-social-psychology,https://openstax.org/books/psychology-2e/pages/12-3-attitudes-and-persuasion,https://openstax.org/books/psychology-2e/pages/12-6-aggression,https://openstax.org/books/psychology-2e/pages/12-key-terms,https://openstax.org/books/psychology-2e/pages/12-summary",5.0
cyberbullying,cyberbullye,VERB,"Although there is not one single personality profile for who becomes a bully and who becomes a victim of bullying (APA, 2010), researchers have identified some patterns in children who are at a greater risk of being bullied (Olweus, 1993):
With widely available mobile technology and social networking media, a new form of bullying has emerged: cyberbullying.","https://openstax.org/books/psychology-2e/pages/12-6-aggression,https://openstax.org/books/psychology-2e/pages/12-summary",5.0
humans,human,NOUN,"As the “third force” in psychology, humanism is touted as a reaction both to the pessimistic determinism of psychoanalysis, with its emphasis on psychological disturbance, and to the behaviorists’ view of humans passively reacting to the environment, which has been criticized as making people out to be personality-less robots.","https://openstax.org/books/psychology-2e/pages/11-5-humanistic-approaches,https://openstax.org/books/psychology-2e/pages/12-3-attitudes-and-persuasion,https://openstax.org/books/psychology-2e/pages/12-5-prejudice-and-discrimination,https://openstax.org/books/psychology-2e/pages/12-6-aggression,https://openstax.org/books/psychology-2e/pages/12-7-prosocial-behavior,https://openstax.org/books/psychology-2e/pages/12-key-terms,https://openstax.org/books/psychology-2e/pages/12-summary,https://openstax.org/books/psychology-2e/pages/1-2-history-of-psychology",5.0
differences,difference,NOUN,"Centuries later, the influential Greek physician and philosopher Galen built on Hippocrates’s theory, suggesting that both diseases and personality differences could be explained by imbalances in the humors and that each person exhibits one of the four temperaments.","https://openstax.org/books/psychology-2e/pages/11-1-what-is-personality,https://openstax.org/books/psychology-2e/pages/11-2-freud-and-the-psychodynamic-perspective,https://openstax.org/books/psychology-2e/pages/11-3-neo-freudians-adler-erikson-jung-and-horney,https://openstax.org/books/psychology-2e/pages/11-4-learning-approaches,https://openstax.org/books/psychology-2e/pages/11-7-trait-theorists,https://openstax.org/books/psychology-2e/pages/11-8-cultural-understandings-of-personality,https://openstax.org/books/psychology-2e/pages/12-1-what-is-social-psychology,https://openstax.org/books/psychology-2e/pages/12-5-prejudice-and-discrimination,https://openstax.org/books/psychology-2e/pages/12-6-aggression,https://openstax.org/books/psychology-2e/pages/1-2-history-of-psychology",5.0
perspective,perspective,NOUN,"Sigmund Freud’s psychodynamic perspective of personality was the first comprehensive theory of personality, explaining a wide variety of both normal and abnormal behaviors.","https://openstax.org/books/psychology-2e/pages/11-1-what-is-personality,https://openstax.org/books/psychology-2e/pages/11-2-freud-and-the-psychodynamic-perspective,https://openstax.org/books/psychology-2e/pages/11-5-humanistic-approaches,https://openstax.org/books/psychology-2e/pages/11-8-cultural-understandings-of-personality,https://openstax.org/books/psychology-2e/pages/12-1-what-is-social-psychology,https://openstax.org/books/psychology-2e/pages/12-3-attitudes-and-persuasion,https://openstax.org/books/psychology-2e/pages/12-6-aggression,https://openstax.org/books/psychology-2e/pages/12-7-prosocial-behavior,https://openstax.org/books/psychology-2e/pages/12-key-terms,https://openstax.org/books/psychology-2e/pages/12-summary,https://openstax.org/books/psychology-2e/pages/1-2-history-of-psychology",5.0
and discrimination,and discrimination,"CCONJ,NOUN","Interpersonal topics (those that pertain to dyads and groups) include helping behavior ( Figure 12.2 ), aggression, prejudice and discrimination, attraction and close relationships, and group processes and intergroup relationships.","https://openstax.org/books/psychology-2e/pages/12-1-what-is-social-psychology,https://openstax.org/books/psychology-2e/pages/12-5-prejudice-and-discrimination,https://openstax.org/books/psychology-2e/pages/12-key-terms,https://openstax.org/books/psychology-2e/pages/12-summary",4.5
more likely,more likely,"ADV,ADJ","Not surprisingly, people who score high on both extroversion and openness are more likely to participate in adventure and risky sports due to their curious and excitement-seeking nature (Tok, 2011).","https://openstax.org/books/psychology-2e/pages/11-7-trait-theorists,https://openstax.org/books/psychology-2e/pages/12-1-what-is-social-psychology,https://openstax.org/books/psychology-2e/pages/12-3-attitudes-and-persuasion,https://openstax.org/books/psychology-2e/pages/12-5-prejudice-and-discrimination,https://openstax.org/books/psychology-2e/pages/12-6-aggression,https://openstax.org/books/psychology-2e/pages/12-7-prosocial-behavior,https://openstax.org/books/psychology-2e/pages/12-summary",4.5
personality,personality,NOUN,"Personality refers to the long-standing traits and patterns that propel individuals to consistently think, feel, and behave in specific ways.","https://openstax.org/books/psychology-2e/pages/11-1-what-is-personality,https://openstax.org/books/psychology-2e/pages/11-2-freud-and-the-psychodynamic-perspective,https://openstax.org/books/psychology-2e/pages/11-3-neo-freudians-adler-erikson-jung-and-horney,https://openstax.org/books/psychology-2e/pages/11-4-learning-approaches,https://openstax.org/books/psychology-2e/pages/11-5-humanistic-approaches,https://openstax.org/books/psychology-2e/pages/11-7-trait-theorists,https://openstax.org/books/psychology-2e/pages/11-8-cultural-understandings-of-personality,https://openstax.org/books/psychology-2e/pages/12-1-what-is-social-psychology,https://openstax.org/books/psychology-2e/pages/12-5-prejudice-and-discrimination,https://openstax.org/books/psychology-2e/pages/12-6-aggression,https://openstax.org/books/psychology-2e/pages/12-key-terms,https://openstax.org/books/psychology-2e/pages/12-summary,https://openstax.org/books/psychology-2e/pages/1-2-history-of-psychology",4.0
individuals,individual,NOUN,"Personality refers to the long-standing traits and patterns that propel individuals to consistently think, feel, and behave in specific ways.","https://openstax.org/books/psychology-2e/pages/11-1-what-is-personality,https://openstax.org/books/psychology-2e/pages/11-2-freud-and-the-psychodynamic-perspective,https://openstax.org/books/psychology-2e/pages/11-8-cultural-understandings-of-personality,https://openstax.org/books/psychology-2e/pages/12-1-what-is-social-psychology,https://openstax.org/books/psychology-2e/pages/12-3-attitudes-and-persuasion,https://openstax.org/books/psychology-2e/pages/12-5-prejudice-and-discrimination,https://openstax.org/books/psychology-2e/pages/12-6-aggression,https://openstax.org/books/psychology-2e/pages/12-7-prosocial-behavior,https://openstax.org/books/psychology-2e/pages/12-key-terms,https://openstax.org/books/psychology-2e/pages/12-summary,https://openstax.org/books/psychology-2e/pages/1-2-history-of-psychology",4.0
prejudice,prejudice,NOUN,"Interpersonal topics (those that pertain to dyads and groups) include helping behavior ( Figure 12.2 ), aggression, prejudice and discrimination, attraction and close relationships, and group processes and intergroup relationships.","https://openstax.org/books/psychology-2e/pages/12-1-what-is-social-psychology,https://openstax.org/books/psychology-2e/pages/12-5-prejudice-and-discrimination,https://openstax.org/books/psychology-2e/pages/12-6-aggression,https://openstax.org/books/psychology-2e/pages/12-key-terms,https://openstax.org/books/psychology-2e/pages/12-summary",4.0
discrimination,discrimination,NOUN,"Interpersonal topics (those that pertain to dyads and groups) include helping behavior ( Figure 12.2 ), aggression, prejudice and discrimination, attraction and close relationships, and group processes and intergroup relationships.","https://openstax.org/books/psychology-2e/pages/12-1-what-is-social-psychology,https://openstax.org/books/psychology-2e/pages/12-5-prejudice-and-discrimination,https://openstax.org/books/psychology-2e/pages/12-key-terms,https://openstax.org/books/psychology-2e/pages/12-summary",4.0
the situation,the situation,"DET,NOUN","Today, the debate is mostly resolved, and most psychologists consider both the situation and personal factors in understanding behavior.","https://openstax.org/books/psychology-2e/pages/11-4-learning-approaches,https://openstax.org/books/psychology-2e/pages/12-1-what-is-social-psychology,https://openstax.org/books/psychology-2e/pages/12-3-attitudes-and-persuasion,https://openstax.org/books/psychology-2e/pages/12-7-prosocial-behavior,https://openstax.org/books/psychology-2e/pages/12-key-terms,https://openstax.org/books/psychology-2e/pages/12-summary",3.5
a group,a group,"DET,NOUN",The military example demonstrates the observation that a difficult initiation into a group influences us to like the group more.,"https://openstax.org/books/psychology-2e/pages/12-3-attitudes-and-persuasion,https://openstax.org/books/psychology-2e/pages/12-5-prejudice-and-discrimination,https://openstax.org/books/psychology-2e/pages/12-6-aggression,https://openstax.org/books/psychology-2e/pages/12-key-terms",3.5
the power,the power,"DET,NOUN","Distinct from self-efficacy, which involves our belief in our own abilities, locus of control refers to our beliefs about the power we have over our lives.","https://openstax.org/books/psychology-2e/pages/11-4-learning-approaches,https://openstax.org/books/psychology-2e/pages/12-1-what-is-social-psychology,https://openstax.org/books/psychology-2e/pages/12-3-attitudes-and-persuasion,https://openstax.org/books/psychology-2e/pages/12-key-terms,https://openstax.org/books/psychology-2e/pages/12-summary",3.5
witness,witness,NOUN,The bystander effect is a phenomenon in which a witness or bystander does not volunteer to help a victim or person in distress.,"https://openstax.org/books/psychology-2e/pages/12-6-aggression,https://openstax.org/books/psychology-2e/pages/12-key-terms",3.0
structure,structure,NOUN,"Finally, context refers to the reward structure for the behavior.",https://openstax.org/books/psychology-2e/pages/11-4-learning-approaches,3.0
opening,open,VERB,"As we discussed in the opening story of Trayvon Martin, humans are very diverse and although we share many similarities, we also have many differences.",https://openstax.org/books/psychology-2e/pages/12-5-prejudice-and-discrimination,3.0
foundation,foundation,PROPN,Considering the human individual as a whole rather than as a sum of individually measured parts became an important foundation in humanistic theory late in the century.,https://openstax.org/books/psychology-2e/pages/1-2-history-of-psychology,3.0
emerge,emerge,VERB,"Rather than being seen as purely biological, more recent research suggests that archetypes emerge directly from our experiences and are reflections of linguistic or cultural characteristics (Young-Eisendrath, 1995).",https://openstax.org/books/psychology-2e/pages/11-3-neo-freudians-adler-erikson-jung-and-horney,3.0
accept,accept,VERB,"First, Jung, like Adler and Erikson, did not accept that sexual drive was the primary motivator in a person’s mental life.","https://openstax.org/books/psychology-2e/pages/11-3-neo-freudians-adler-erikson-jung-and-horney,https://openstax.org/books/psychology-2e/pages/12-5-prejudice-and-discrimination",3.0
social,social,ADJ,"These theorists, referred to as neo-Freudians, generally agreed with Freud that childhood experiences matter, but they reduced the emphasis on sex and focused more on the social environment and effects of culture on personality.","https://openstax.org/books/psychology-2e/pages/11-1-what-is-personality,https://openstax.org/books/psychology-2e/pages/11-2-freud-and-the-psychodynamic-perspective,https://openstax.org/books/psychology-2e/pages/11-3-neo-freudians-adler-erikson-jung-and-horney,https://openstax.org/books/psychology-2e/pages/11-4-learning-approaches,https://openstax.org/books/psychology-2e/pages/11-7-trait-theorists,https://openstax.org/books/psychology-2e/pages/11-8-cultural-understandings-of-personality,https://openstax.org/books/psychology-2e/pages/12-1-what-is-social-psychology,https://openstax.org/books/psychology-2e/pages/12-3-attitudes-and-persuasion,https://openstax.org/books/psychology-2e/pages/12-5-prejudice-and-discrimination,https://openstax.org/books/psychology-2e/pages/12-6-aggression,https://openstax.org/books/psychology-2e/pages/12-7-prosocial-behavior,https://openstax.org/books/psychology-2e/pages/12-key-terms,https://openstax.org/books/psychology-2e/pages/12-summary,https://openstax.org/books/psychology-2e/pages/1-2-history-of-psychology",3.0
information,information,NOUN,"According to Gall, measuring these distances revealed the sizes of the brain areas underneath, providing information that could be used to determine whether a person was friendly, prideful, murderous, kind, good with languages, and so on.","https://openstax.org/books/psychology-2e/pages/11-1-what-is-personality,https://openstax.org/books/psychology-2e/pages/11-2-freud-and-the-psychodynamic-perspective,https://openstax.org/books/psychology-2e/pages/11-3-neo-freudians-adler-erikson-jung-and-horney,https://openstax.org/books/psychology-2e/pages/11-4-learning-approaches,https://openstax.org/books/psychology-2e/pages/11-5-humanistic-approaches,https://openstax.org/books/psychology-2e/pages/11-7-trait-theorists,https://openstax.org/books/psychology-2e/pages/11-8-cultural-understandings-of-personality,https://openstax.org/books/psychology-2e/pages/12-1-what-is-social-psychology,https://openstax.org/books/psychology-2e/pages/12-3-attitudes-and-persuasion,https://openstax.org/books/psychology-2e/pages/12-5-prejudice-and-discrimination,https://openstax.org/books/psychology-2e/pages/12-6-aggression,https://openstax.org/books/psychology-2e/pages/12-7-prosocial-behavior,https://openstax.org/books/psychology-2e/pages/12-key-terms,https://openstax.org/books/psychology-2e/pages/12-summary,https://openstax.org/books/psychology-2e/pages/1-2-history-of-psychology",3.0
negative,negative,ADJ,"Freud maintained that imbalances in the system can lead to neurosis (a tendency to experience negative emotions), anxiety disorders, or unhealthy behaviors.","https://openstax.org/books/psychology-2e/pages/11-2-freud-and-the-psychodynamic-perspective,https://openstax.org/books/psychology-2e/pages/11-3-neo-freudians-adler-erikson-jung-and-horney,https://openstax.org/books/psychology-2e/pages/11-4-learning-approaches,https://openstax.org/books/psychology-2e/pages/11-5-humanistic-approaches,https://openstax.org/books/psychology-2e/pages/11-7-trait-theorists,https://openstax.org/books/psychology-2e/pages/12-1-what-is-social-psychology,https://openstax.org/books/psychology-2e/pages/12-3-attitudes-and-persuasion,https://openstax.org/books/psychology-2e/pages/12-5-prejudice-and-discrimination,https://openstax.org/books/psychology-2e/pages/12-6-aggression,https://openstax.org/books/psychology-2e/pages/12-7-prosocial-behavior,https://openstax.org/books/psychology-2e/pages/12-key-terms,https://openstax.org/books/psychology-2e/pages/12-summary,https://openstax.org/books/psychology-2e/pages/1-2-history-of-psychology",3.0
positive,positive,ADJ,Parents who offer praise and rewards encourage positive results and can help children feel competent.,"https://openstax.org/books/psychology-2e/pages/11-2-freud-and-the-psychodynamic-perspective,https://openstax.org/books/psychology-2e/pages/11-4-learning-approaches,https://openstax.org/books/psychology-2e/pages/11-5-humanistic-approaches,https://openstax.org/books/psychology-2e/pages/11-7-trait-theorists,https://openstax.org/books/psychology-2e/pages/12-1-what-is-social-psychology,https://openstax.org/books/psychology-2e/pages/12-3-attitudes-and-persuasion,https://openstax.org/books/psychology-2e/pages/12-5-prejudice-and-discrimination,https://openstax.org/books/psychology-2e/pages/12-6-aggression,https://openstax.org/books/psychology-2e/pages/12-7-prosocial-behavior,https://openstax.org/books/psychology-2e/pages/12-key-terms,https://openstax.org/books/psychology-2e/pages/12-summary,https://openstax.org/books/psychology-2e/pages/1-2-history-of-psychology",3.0
cultures,culture,NOUN,"These ancestral memories, which Jung called archetypes , are represented by universal themes in various cultures, as expressed through literature, art, and dreams (Jung).","https://openstax.org/books/psychology-2e/pages/11-3-neo-freudians-adler-erikson-jung-and-horney,https://openstax.org/books/psychology-2e/pages/11-7-trait-theorists,https://openstax.org/books/psychology-2e/pages/11-8-cultural-understandings-of-personality,https://openstax.org/books/psychology-2e/pages/12-1-what-is-social-psychology,https://openstax.org/books/psychology-2e/pages/12-5-prejudice-and-discrimination,https://openstax.org/books/psychology-2e/pages/12-summary,https://openstax.org/books/psychology-2e/pages/1-2-history-of-psychology",3.0
gender,gender,NOUN,"Children generally engage in activities with peers of the same sex, which serves to consolidate a child’s gender-role identity.","https://openstax.org/books/psychology-2e/pages/11-2-freud-and-the-psychodynamic-perspective,https://openstax.org/books/psychology-2e/pages/12-5-prejudice-and-discrimination,https://openstax.org/books/psychology-2e/pages/12-6-aggression,https://openstax.org/books/psychology-2e/pages/12-summary,https://openstax.org/books/psychology-2e/pages/1-2-history-of-psychology",3.0
internal,internal,ADJ,"According to Freud, our personality develops from a conflict between two forces: our biological aggressive and pleasure-seeking drives versus our internal (socialized) control over these drives.","https://openstax.org/books/psychology-2e/pages/11-2-freud-and-the-psychodynamic-perspective,https://openstax.org/books/psychology-2e/pages/11-4-learning-approaches,https://openstax.org/books/psychology-2e/pages/12-1-what-is-social-psychology,https://openstax.org/books/psychology-2e/pages/12-3-attitudes-and-persuasion,https://openstax.org/books/psychology-2e/pages/12-key-terms,https://openstax.org/books/psychology-2e/pages/12-summary,https://openstax.org/books/psychology-2e/pages/1-2-history-of-psychology",3.0
american,american,PROPN,"As an art school dropout with an uncertain future, young Erik Erikson met Freud’s daughter, Anna Freud, while he was tutoring the children of an American couple undergoing psychoanalysis in Vienna.","https://openstax.org/books/psychology-2e/pages/11-3-neo-freudians-adler-erikson-jung-and-horney,https://openstax.org/books/psychology-2e/pages/11-8-cultural-understandings-of-personality,https://openstax.org/books/psychology-2e/pages/12-1-what-is-social-psychology,https://openstax.org/books/psychology-2e/pages/12-3-attitudes-and-persuasion,https://openstax.org/books/psychology-2e/pages/12-5-prejudice-and-discrimination,https://openstax.org/books/psychology-2e/pages/12-6-aggression,https://openstax.org/books/psychology-2e/pages/1-2-history-of-psychology",3.0
participants,participant,NOUN,Student participants were randomly assigned to play the role of a questioner (the quizmaster) or a contestant in a quiz game.,"https://openstax.org/books/psychology-2e/pages/12-1-what-is-social-psychology,https://openstax.org/books/psychology-2e/pages/12-3-attitudes-and-persuasion,https://openstax.org/books/psychology-2e/pages/12-5-prejudice-and-discrimination,https://openstax.org/books/psychology-2e/pages/1-2-history-of-psychology",3.0
commitment,commitment,NOUN,"People who have high self-efficacy believe that their goals are within reach, have a positive view of challenges seeing them as tasks to be mastered, develop a deep interest in and strong commitment to the activities in which they are involved, and quickly recover from setbacks.","https://openstax.org/books/psychology-2e/pages/11-4-learning-approaches,https://openstax.org/books/psychology-2e/pages/12-7-prosocial-behavior,https://openstax.org/books/psychology-2e/pages/12-key-terms,https://openstax.org/books/psychology-2e/pages/12-summary",3.0
cultural,cultural,ADJ,"Other major theories then emerged, including the learning, humanistic, biological, evolutionary, trait, and cultural perspectives.","https://openstax.org/books/psychology-2e/pages/11-1-what-is-personality,https://openstax.org/books/psychology-2e/pages/11-2-freud-and-the-psychodynamic-perspective,https://openstax.org/books/psychology-2e/pages/11-3-neo-freudians-adler-erikson-jung-and-horney,https://openstax.org/books/psychology-2e/pages/11-8-cultural-understandings-of-personality,https://openstax.org/books/psychology-2e/pages/12-1-what-is-social-psychology,https://openstax.org/books/psychology-2e/pages/12-5-prejudice-and-discrimination,https://openstax.org/books/psychology-2e/pages/12-summary,https://openstax.org/books/psychology-2e/pages/1-2-history-of-psychology",3.0
a person,a person,"DET,NOUN","In 1780, Franz Gall, a German physician, proposed that the distances between bumps on the skull reveal a person’s personality traits, character, and mental abilities ( Figure 11.3 ).","https://openstax.org/books/psychology-2e/pages/11-1-what-is-personality,https://openstax.org/books/psychology-2e/pages/11-2-freud-and-the-psychodynamic-perspective,https://openstax.org/books/psychology-2e/pages/11-3-neo-freudians-adler-erikson-jung-and-horney,https://openstax.org/books/psychology-2e/pages/11-4-learning-approaches,https://openstax.org/books/psychology-2e/pages/11-7-trait-theorists,https://openstax.org/books/psychology-2e/pages/11-8-cultural-understandings-of-personality,https://openstax.org/books/psychology-2e/pages/12-1-what-is-social-psychology,https://openstax.org/books/psychology-2e/pages/12-3-attitudes-and-persuasion,https://openstax.org/books/psychology-2e/pages/12-5-prejudice-and-discrimination,https://openstax.org/books/psychology-2e/pages/12-7-prosocial-behavior,https://openstax.org/books/psychology-2e/pages/12-key-terms,https://openstax.org/books/psychology-2e/pages/12-summary,https://openstax.org/books/psychology-2e/pages/1-2-history-of-psychology",2.5
another person,another person,"DET,NOUN","They tend to assume that the behavior of another person is a trait of that person, and to underestimate the power of the situation on the behavior of others.","https://openstax.org/books/psychology-2e/pages/12-1-what-is-social-psychology,https://openstax.org/books/psychology-2e/pages/12-6-aggression,https://openstax.org/books/psychology-2e/pages/12-7-prosocial-behavior,https://openstax.org/books/psychology-2e/pages/12-key-terms,https://openstax.org/books/psychology-2e/pages/12-summary",2.5
relationships,relationship,NOUN,"In his theory, Erikson emphasized the social relationships that are important at each stage of personality development, in contrast to Freud’s emphasis on sex.","https://openstax.org/books/psychology-2e/pages/11-3-neo-freudians-adler-erikson-jung-and-horney,https://openstax.org/books/psychology-2e/pages/11-4-learning-approaches,https://openstax.org/books/psychology-2e/pages/11-7-trait-theorists,https://openstax.org/books/psychology-2e/pages/12-1-what-is-social-psychology,https://openstax.org/books/psychology-2e/pages/12-5-prejudice-and-discrimination,https://openstax.org/books/psychology-2e/pages/12-7-prosocial-behavior,https://openstax.org/books/psychology-2e/pages/12-key-terms,https://openstax.org/books/psychology-2e/pages/12-summary,https://openstax.org/books/psychology-2e/pages/1-2-history-of-psychology",2.0
attitudes,attitude,NOUN,"Jung also proposed two attitudes or approaches toward life: extroversion and introversion (Jung, 1923) ( Table 11.3 ).","https://openstax.org/books/psychology-2e/pages/11-3-neo-freudians-adler-erikson-jung-and-horney,https://openstax.org/books/psychology-2e/pages/11-7-trait-theorists,https://openstax.org/books/psychology-2e/pages/12-1-what-is-social-psychology,https://openstax.org/books/psychology-2e/pages/12-3-attitudes-and-persuasion,https://openstax.org/books/psychology-2e/pages/12-5-prejudice-and-discrimination,https://openstax.org/books/psychology-2e/pages/12-6-aggression,https://openstax.org/books/psychology-2e/pages/12-7-prosocial-behavior,https://openstax.org/books/psychology-2e/pages/12-key-terms,https://openstax.org/books/psychology-2e/pages/12-summary,https://openstax.org/books/psychology-2e/pages/1-2-history-of-psychology",2.0
persuasion,persuasion,NOUN,Persuasion is the process of changing our attitude toward something based on some kind of communication.,"https://openstax.org/books/psychology-2e/pages/12-3-attitudes-and-persuasion,https://openstax.org/books/psychology-2e/pages/12-key-terms,https://openstax.org/books/psychology-2e/pages/12-summary",2.0
control,control,NOUN,"According to Freud, our personality develops from a conflict between two forces: our biological aggressive and pleasure-seeking drives versus our internal (socialized) control over these drives.","https://openstax.org/books/psychology-2e/pages/11-2-freud-and-the-psychodynamic-perspective,https://openstax.org/books/psychology-2e/pages/11-4-learning-approaches,https://openstax.org/books/psychology-2e/pages/11-7-trait-theorists,https://openstax.org/books/psychology-2e/pages/12-1-what-is-social-psychology,https://openstax.org/books/psychology-2e/pages/12-3-attitudes-and-persuasion,https://openstax.org/books/psychology-2e/pages/12-summary,https://openstax.org/books/psychology-2e/pages/1-2-history-of-psychology",2.0
factors,factor,NOUN,"While Freud's focus on biological drives led him to emphasize the impact of sociocultural factors on personality development, his followers quickly realized that biology alone could not account for the diversity they encountered as the practice of psychoanalysis spread during the time of the Nazi Holocaust.","https://openstax.org/books/psychology-2e/pages/11-2-freud-and-the-psychodynamic-perspective,https://openstax.org/books/psychology-2e/pages/11-4-learning-approaches,https://openstax.org/books/psychology-2e/pages/11-7-trait-theorists,https://openstax.org/books/psychology-2e/pages/11-8-cultural-understandings-of-personality,https://openstax.org/books/psychology-2e/pages/12-1-what-is-social-psychology,https://openstax.org/books/psychology-2e/pages/12-key-terms,https://openstax.org/books/psychology-2e/pages/12-summary,https://openstax.org/books/psychology-2e/pages/1-2-history-of-psychology",2.0
culture,culture,NOUN,"These theorists, referred to as neo-Freudians, generally agreed with Freud that childhood experiences matter, but they reduced the emphasis on sex and focused more on the social environment and effects of culture on personality.","https://openstax.org/books/psychology-2e/pages/11-1-what-is-personality,https://openstax.org/books/psychology-2e/pages/11-3-neo-freudians-adler-erikson-jung-and-horney,https://openstax.org/books/psychology-2e/pages/11-4-learning-approaches,https://openstax.org/books/psychology-2e/pages/11-8-cultural-understandings-of-personality,https://openstax.org/books/psychology-2e/pages/12-1-what-is-social-psychology,https://openstax.org/books/psychology-2e/pages/12-3-attitudes-and-persuasion,https://openstax.org/books/psychology-2e/pages/12-5-prejudice-and-discrimination,https://openstax.org/books/psychology-2e/pages/12-key-terms,https://openstax.org/books/psychology-2e/pages/12-summary,https://openstax.org/books/psychology-2e/pages/1-2-history-of-psychology",2.0
attitude,attitude,NOUN,"According to Rogers (1980), “As persons are accepted and prized, they tend to develop a more caring attitude towards themselves” (p. 116).","https://openstax.org/books/psychology-2e/pages/11-5-humanistic-approaches,https://openstax.org/books/psychology-2e/pages/12-1-what-is-social-psychology,https://openstax.org/books/psychology-2e/pages/12-3-attitudes-and-persuasion,https://openstax.org/books/psychology-2e/pages/12-5-prejudice-and-discrimination,https://openstax.org/books/psychology-2e/pages/12-6-aggression,https://openstax.org/books/psychology-2e/pages/12-key-terms,https://openstax.org/books/psychology-2e/pages/12-summary",2.0
contrast,contrast,NOUN,"In contrast to the instinctual id and the rule-based superego, the ego is the rational part of our personality.","https://openstax.org/books/psychology-2e/pages/11-2-freud-and-the-psychodynamic-perspective,https://openstax.org/books/psychology-2e/pages/11-3-neo-freudians-adler-erikson-jung-and-horney,https://openstax.org/books/psychology-2e/pages/11-4-learning-approaches,https://openstax.org/books/psychology-2e/pages/11-7-trait-theorists,https://openstax.org/books/psychology-2e/pages/11-8-cultural-understandings-of-personality,https://openstax.org/books/psychology-2e/pages/12-1-what-is-social-psychology,https://openstax.org/books/psychology-2e/pages/12-6-aggression",2.0
approach,approach,NOUN,"He disagreed, however, with Skinner’s strict behaviorist approach to personality development, because he felt that thinking and reasoning are important components of learning.","https://openstax.org/books/psychology-2e/pages/11-4-learning-approaches,https://openstax.org/books/psychology-2e/pages/11-7-trait-theorists,https://openstax.org/books/psychology-2e/pages/11-8-cultural-understandings-of-personality,https://openstax.org/books/psychology-2e/pages/12-1-what-is-social-psychology,https://openstax.org/books/psychology-2e/pages/12-3-attitudes-and-persuasion,https://openstax.org/books/psychology-2e/pages/12-summary,https://openstax.org/books/psychology-2e/pages/1-2-history-of-psychology",2.0
anxiety,anxiety,NOUN,"Freud maintained that imbalances in the system can lead to neurosis (a tendency to experience negative emotions), anxiety disorders, or unhealthy behaviors.","https://openstax.org/books/psychology-2e/pages/11-2-freud-and-the-psychodynamic-perspective,https://openstax.org/books/psychology-2e/pages/11-3-neo-freudians-adler-erikson-jung-and-horney,https://openstax.org/books/psychology-2e/pages/12-5-prejudice-and-discrimination,https://openstax.org/books/psychology-2e/pages/12-6-aggression",2.0
benefits,benefit,NOUN,Altruism is people’s desire to help others even if the costs outweigh the benefits of helping.,"https://openstax.org/books/psychology-2e/pages/12-7-prosocial-behavior,https://openstax.org/books/psychology-2e/pages/12-key-terms,https://openstax.org/books/psychology-2e/pages/12-summary",2.0
conflict,conflict,NOUN,"According to Freud, our personality develops from a conflict between two forces: our biological aggressive and pleasure-seeking drives versus our internal (socialized) control over these drives.","https://openstax.org/books/psychology-2e/pages/11-2-freud-and-the-psychodynamic-perspective,https://openstax.org/books/psychology-2e/pages/11-3-neo-freudians-adler-erikson-jung-and-horney,https://openstax.org/books/psychology-2e/pages/12-3-attitudes-and-persuasion,https://openstax.org/books/psychology-2e/pages/12-5-prejudice-and-discrimination,https://openstax.org/books/psychology-2e/pages/12-6-aggression,https://openstax.org/books/psychology-2e/pages/12-key-terms,https://openstax.org/books/psychology-2e/pages/12-summary",2.0
environment,environment,NOUN,"These theorists, referred to as neo-Freudians, generally agreed with Freud that childhood experiences matter, but they reduced the emphasis on sex and focused more on the social environment and effects of culture on personality.","https://openstax.org/books/psychology-2e/pages/11-1-what-is-personality,https://openstax.org/books/psychology-2e/pages/11-2-freud-and-the-psychodynamic-perspective,https://openstax.org/books/psychology-2e/pages/11-3-neo-freudians-adler-erikson-jung-and-horney,https://openstax.org/books/psychology-2e/pages/11-4-learning-approaches,https://openstax.org/books/psychology-2e/pages/11-5-humanistic-approaches,https://openstax.org/books/psychology-2e/pages/12-1-what-is-social-psychology,https://openstax.org/books/psychology-2e/pages/12-3-attitudes-and-persuasion,https://openstax.org/books/psychology-2e/pages/12-key-terms,https://openstax.org/books/psychology-2e/pages/12-summary,https://openstax.org/books/psychology-2e/pages/1-2-history-of-psychology",2.0
experiences,experience,NOUN,"These theorists, referred to as neo-Freudians, generally agreed with Freud that childhood experiences matter, but they reduced the emphasis on sex and focused more on the social environment and effects of culture on personality.","https://openstax.org/books/psychology-2e/pages/11-1-what-is-personality,https://openstax.org/books/psychology-2e/pages/11-2-freud-and-the-psychodynamic-perspective,https://openstax.org/books/psychology-2e/pages/11-3-neo-freudians-adler-erikson-jung-and-horney,https://openstax.org/books/psychology-2e/pages/11-4-learning-approaches,https://openstax.org/books/psychology-2e/pages/11-5-humanistic-approaches,https://openstax.org/books/psychology-2e/pages/12-5-prejudice-and-discrimination,https://openstax.org/books/psychology-2e/pages/12-6-aggression,https://openstax.org/books/psychology-2e/pages/12-key-terms,https://openstax.org/books/psychology-2e/pages/1-2-history-of-psychology",2.0
likely to,likely to,"ADJ,PART","In either case, the person may be less likely to imitate those behaviors even though the reasons for not doing so would be different.","https://openstax.org/books/psychology-2e/pages/11-4-learning-approaches,https://openstax.org/books/psychology-2e/pages/11-7-trait-theorists,https://openstax.org/books/psychology-2e/pages/12-1-what-is-social-psychology,https://openstax.org/books/psychology-2e/pages/12-3-attitudes-and-persuasion,https://openstax.org/books/psychology-2e/pages/12-5-prejudice-and-discrimination,https://openstax.org/books/psychology-2e/pages/12-6-aggression,https://openstax.org/books/psychology-2e/pages/12-7-prosocial-behavior,https://openstax.org/books/psychology-2e/pages/12-summary",1.5
cognitive,cognitive,ADJ,"Seeing them as a reflection of unconscious desires, linguists today have found that slips of the tongue tend to occur when we are tired, nervous, or not at our optimal level of cognitive functioning (Motley, 2002).","https://openstax.org/books/psychology-2e/pages/11-2-freud-and-the-psychodynamic-perspective,https://openstax.org/books/psychology-2e/pages/11-4-learning-approaches,https://openstax.org/books/psychology-2e/pages/12-1-what-is-social-psychology,https://openstax.org/books/psychology-2e/pages/12-3-attitudes-and-persuasion,https://openstax.org/books/psychology-2e/pages/12-summary,https://openstax.org/books/psychology-2e/pages/1-2-history-of-psychology",1.0
different,different,ADJ,There are several different types of defense mechanisms.,"https://openstax.org/books/psychology-2e/pages/11-2-freud-and-the-psychodynamic-perspective,https://openstax.org/books/psychology-2e/pages/11-4-learning-approaches,https://openstax.org/books/psychology-2e/pages/11-8-cultural-understandings-of-personality,https://openstax.org/books/psychology-2e/pages/12-3-attitudes-and-persuasion,https://openstax.org/books/psychology-2e/pages/12-5-prejudice-and-discrimination,https://openstax.org/books/psychology-2e/pages/12-6-aggression,https://openstax.org/books/psychology-2e/pages/12-7-prosocial-behavior,https://openstax.org/books/psychology-2e/pages/12-key-terms,https://openstax.org/books/psychology-2e/pages/12-summary,https://openstax.org/books/psychology-2e/pages/1-2-history-of-psychology",1.0
important,important,ADJ,"When reading Freud’s theories, it is important to remember that he was a medical doctor, not a psychologist.","https://openstax.org/books/psychology-2e/pages/11-2-freud-and-the-psychodynamic-perspective,https://openstax.org/books/psychology-2e/pages/11-3-neo-freudians-adler-erikson-jung-and-horney,https://openstax.org/books/psychology-2e/pages/11-4-learning-approaches,https://openstax.org/books/psychology-2e/pages/11-7-trait-theorists,https://openstax.org/books/psychology-2e/pages/11-8-cultural-understandings-of-personality,https://openstax.org/books/psychology-2e/pages/12-3-attitudes-and-persuasion,https://openstax.org/books/psychology-2e/pages/12-5-prejudice-and-discrimination,https://openstax.org/books/psychology-2e/pages/12-6-aggression,https://openstax.org/books/psychology-2e/pages/12-7-prosocial-behavior,https://openstax.org/books/psychology-2e/pages/1-2-history-of-psychology",1.0
situational,situational,ADJ,"However, researchers also found that the associations were not as strong as those reported during Mischel's initial experiment and were quite sensitive to situational factors such as early measures of cognitive capacity, family background, and home environment.","https://openstax.org/books/psychology-2e/pages/11-4-learning-approaches,https://openstax.org/books/psychology-2e/pages/12-1-what-is-social-psychology,https://openstax.org/books/psychology-2e/pages/12-3-attitudes-and-persuasion,https://openstax.org/books/psychology-2e/pages/12-key-terms,https://openstax.org/books/psychology-2e/pages/12-summary",1.0
common,common,ADJ,Speech errors such as this are quite common.,"https://openstax.org/books/psychology-2e/pages/11-2-freud-and-the-psychodynamic-perspective,https://openstax.org/books/psychology-2e/pages/11-3-neo-freudians-adler-erikson-jung-and-horney,https://openstax.org/books/psychology-2e/pages/11-5-humanistic-approaches,https://openstax.org/books/psychology-2e/pages/11-7-trait-theorists,https://openstax.org/books/psychology-2e/pages/12-1-what-is-social-psychology,https://openstax.org/books/psychology-2e/pages/12-3-attitudes-and-persuasion,https://openstax.org/books/psychology-2e/pages/12-5-prejudice-and-discrimination,https://openstax.org/books/psychology-2e/pages/12-6-aggression,https://openstax.org/books/psychology-2e/pages/12-7-prosocial-behavior,https://openstax.org/books/psychology-2e/pages/12-key-terms,https://openstax.org/books/psychology-2e/pages/12-summary",1.0
